Page ID,Page name,Disclaimer,Amount spent (USD)
114008535880,Foundation for Individual Rights and Expression,FOUNDATION FOR INDIVIDUAL RIGHTS IN EDUCATION,384
11791104453,NRDC,Natural Resources Defense Council,179
851220855030432,J.P. Morgan,"JPMORGAN CHASE BANK, NA",123
7860876103,Joe Biden,BIDEN VICTORY FUND,103
127225910653607,PragerU,PragerU,103
172758932738142,PhRMA,PHARMACEUTICAL RESEARCH AND MANUFACTURERS OF AMERICA,≤100
106244251043808,America's Plastic Makers,"AMERICAN CHEMISTRY COUNCIL, INC.",≤100
18780321251,American Chemistry,American Chemistry Council,≤100
107483817554072,WorkMoney,WorkMoney,≤100
314499212242,Pfizer,Pfizer Inc.,≤100
122258358636926,Sound of Freedom Movie,"Sound of Freedom, LLC",≤100
183770835017050,The Nature Conservancy in Delaware,NATURE CONSERVANCY,≤100
6514736316,Walden University,Walden University,≤100
147368882623027,Black Futures Lab,Black Futures Lab,≤100
24413227922,Kamala Harris,BIDEN VICTORY FUND,≤100
140357056032320,NEA Today,National Education Association,≤100
18982436812,ACLU,American Civil Liberties Union,≤100
258062237693141,Rural & Agriculture Council of America,Rural & Agriculture Council of America,≤100
240621728785,Delaware State House of Representatives - Republican Caucus,"Delaware State House of Representatives, Republican Caucus",≤100
8492293163,Environmental Defense Fund,Environmental Defense Fund,≤100
15771560300,Earthjustice,EARTHJUSTICE,≤100
12375354406,USO,United Service Organizations,≤100
100104419147228,Do Good Chicken,DO GOOD FOODS LLC,≤100
92925746942,Judicial Watch,Judicial Watch,≤100
18709174006,National Audubon Society,"NATIONAL AUDUBON SOCIETY, INC.",≤100
57259033959,AARP,AARP,≤100
422309141867700,State Rep. Lyndon Yearick,"Delaware State House of Representatives, Republican Caucus",≤100
106583555450073,Bidencare Health Plans,Obamacareplans,≤100
106568024842114,Rideshare Assault Support,Citizen Ad Network LLC,≤100
203197030603239,8 Billion Trees,8 Billion Trees LLC,≤100
104760636770,Vera Institute of Justice,Vera Institute of Justice,≤100
342294162453301,Planned Parenthood,Planned Parenthood Federation of America,≤100
6041057841,The Humane Society of the United States,"HUMANE SOCIETY OF THE UNITED STATES, THE",≤100
7030901126,Campaign for Tobacco-Free Kids,Campaign for Tobacco-Free Kids,≤100
106608038931801,Loyal Patriots,Loyal Patriots,≤100
385473284886474,Hillsdale College,Hillsdale College,≤100
103807629149771,Working Forests Initiative,"WORKING FOREST INITIATIVE, INC.",≤100
40217893542,AIPAC,AIPAC,≤100
592707041080920,Stand Together,Stand Together Chamber of Commerce Inc.,≤100
103885799225717,Liberty Protector,Liberty Protector,≤100
1122154724623209,Rep. Franklin Cooke,Delaware House Democratic Caucus,≤100
309308412520731,Sandy Hook Promise,Sandy Hook Promise,≤100
110214011784161,Global America Center,Global America Center,≤100
103912059097010,One Real American,One Real American,≤100
104253615152700,America First Legal,America First Legal Foundation,≤100
99546661271,Easterseals Delaware & Maryland's Eastern Shore,"EASTER SEALS DELAWARE & MARYLANDS EASTERN SHORE, INC.",≤100
255997294855850,Pete du Pont Freedom Foundation,THE PETE DU PONT FREEDOM FOUNDATION LLC,≤100
38471053686,Elizabeth Warren,"WARREN FOR SENATE, INC.",≤100
112330933631,YWCA Delaware,YWCA  DELAWARE,≤100
570092813023833,Matt Walsh,The Daily Wire,≤100
100311159345361,Protecting Our Future,Protecting Our Future Inc,≤100
80562389320,NARAL Pro-Choice America,NARAL PRO-CHOICE AMERICA CORP,≤100
103715861368344,McCormick & Company,MCCORMICK & COMPANY INC,≤100
109092142462587,Adam Schiff,SCHIFF FOR SENATE,≤100
7341997111,Conservation International,Conservation International with Facebook Ad Credits,≤100
76470053424,TIAA,TEACHERS INSURANCE AND ANNUITY ASSOCIATION OF AMERICA,≤100
114720264544782,Moving Forward,Seniors Today USA,≤100
702582586516561,CBN Israel,The Christian Broadcasting Network,≤100
100684991996307,November Coalition,NOVEMBER COALITION,≤100
1461100540775171,The Tuttle Twins,LIBERTAS INSTITUTE,≤100
203276240213924,Rep. Stephanie T. Bolden,Delaware House Democratic Caucus,≤100
6204742571,Sierra Club,SIERRA CLUB,≤100
153080620724,Donald J. Trump,TRUMP SAVE AMERICA JOINT FUNDRAISING COMMITTEE,≤100
428821014132730,Katie Porter,KATIE PORTER FOR SENATE,≤100
158337134192979,Career Education Colleges and Universities,Career Education Colleges and Universities,≤100
113891694102,Energy Citizens,AMERICAN PETROLEUM INSTITUTE,≤100
103375628943529,Adam Frisch,Adam for Colorado,≤100
30139072158,CARE,CARE,≤100
2053678114723700,President Trump's Patriot Army,I Love My Freedom,≤100
104507259139090,Great American World,Great American World,≤100
23875187730,Feeding America,Feeding America,≤100
19554217292,American Heart Association: You're the Cure,American Heart Association,≤100
142432192446984,David Horowitz Freedom Center,David Horowitz Freedom Center,≤100
7341997111,Conservation International,Conservation International,≤100
376776419037747,Turning Point USA,"Turning Point USA, Inc.",≤100
18356619353,The Academy of Natural Sciences,The Academy of Natural Sciences,≤100
46093654473,National Republican Congressional Committee,NRCC,≤100
12301006942,Democratic Party,BIDEN VICTORY FUND,≤100
7292655492,MoveOn,MOVEON.ORG POLITICAL ACTION,≤100
8914040942,Chesapeake Bay Foundation,"CHESAPEAKE BAY FOUNDATION, INC., THE",≤100
100346689495660,Pete's Pranks,Petes Pranks,≤100
689547608156721,The Burial Solution,The Burial Solution,≤100
21375324480,The Heritage Foundation,HERITAGE FOUNDATION (THE),≤100
925007000949719,ExxonMobil,EXXON MOBIL CORPORATION,≤100
102592959026,Ocean Conservancy,"OCEAN CONSERVANCY, INC.",≤100
6781166087,Bob Casey,BOB CASEY FOR SENATE INC,≤100
321088559302,Keep America Beautiful,Keep America Beautiful,≤100
219242560293,Meals on Wheels America,Meals On Wheels America,≤100
108511868624210,Top America Center,Top America Center,≤100
6266829799,Sherrod Brown,FRIENDS OF SHERROD BROWN,≤100
106563958759988,Semafor,Semafor Inc.,≤100
19746387261,Humane Society International,Humane Society International,≤100
1505244559517282,Colin Allred,COLIN ALLRED FOR SENATE,≤100
102079592297532,Leftdiculous Card Game,"Right Entertainment, LLC",≤100
70484114314,National Multiple Sclerosis Society,These ads ran without a disclaimer,≤100
8934429638,Planned Parenthood Action,Planned Parenthood Action Fund,≤100
106644838819876,One Great American Solutions,One Great American Solutions,≤100
69983322463,Ted Cruz,TED CRUZ FOR SENATE,≤100
104717842064640,Rebuild Philadelphia,Rebuild Philadelphia,≤100
70874333603,CatholicVote,catholicvote.org,≤100
21492729544,Catholic Relief Services,CATHOLIC RELIEF SERVICES - UNITED STATES CONFERENCE OF CATHOLIC BISHOPS,≤100
8325302025,Friends of the Earth U.S.,Friends of the Earth,≤100
1316372698453411,Alexandria Ocasio-Cortez,Alexandria Ocasio-Cortez for Congress,≤100
15239367801,The Wilderness Society,"WILDERNESS SOCIETY, THE",≤100
112864158462165,Smart American Lifestyle,Smart American Lifestyle,≤100
16534314739,Facing History & Ourselves,"FACING HISTORY AND OURSELVES NATIONAL FOUNDATION, INC.",≤100
100809736190174,American Promises,American Promises,≤100
68680511262,NFL,NFL PROPERTIES LLC,≤100
359477377917,American Federation for Children,American Federation for Children,≤100
145917588805718,Dr Jordan B Peterson,The Daily Wire,≤100
114710126648118,Republican Dogs,Republican Dogs,≤100
5720973755,Defenders of Wildlife,DEFENDERS OF WILDLIFE,≤100
126211280741703,Midwest Values PAC,Midwest Values PAC,≤100
104977525752112,Freedom of Patriots,Freedom of Patriots,≤100
111824001908,Hakeem Jeffries,JEFFRIES FOR CONGRESS,≤100
108081724073759,Caloma,Caloma,≤100
7192716362,Amnesty International USA,"AMNESTY INTERNATIONAL OF THE U. S. A., INC.",≤100
570953166908066,Vivek Ramaswamy,VIVEK 2024,≤100
203805062990264,Ben Shapiro,Daily Wire,≤100
2353537341582545,Proud Patriots,Proud Patriots,≤100
169597416843751,Stand Up America,Stand Up America,≤100
96935476345,Democratic Governors Association (DGA),"Democratic Action, democraticgovernors.org, not authorized by any candidate or candidate's committee.",≤100
166618413413767,Jay Sekulow,American Center for Law and Justice,≤100
110442961603215,Yikes Today,Yikes Today,≤100
580610428636345,Fight for $15,Fight for $15,≤100
104623832132932,Perry Johnson,PERRY JOHNSON FOR PRESIDENT INC.,≤100
43005439032,American Diabetes Association,American Diabetes Association,≤100
797178840360889,33rd District Republicans Community - Delaware,33rd Republican District Committee,≤100
25852730092,Care2,"Care2.com, Inc",≤100
49651563727,Live Action,Live Action,≤100
61492859575,Americares,"Americares Foundation, Inc.",≤100
19437978960,Chris Murphy,FRIENDS OF CHRIS MURPHY,≤100
1470540296409810,Fair Fight Action,FAIR FIGHT,≤100
219612384781411,Bloomberg Philanthropies,Bloomberg Philanthropies,≤100
100992801635617,Conservative-American.org,Conservative American Strategies,≤100
149220264647,ADL - Anti-Defamation League,Anti-Defamation League,≤100
51379424899,Mercy Ships,MERCY SHIPS INTERNATIONAL,≤100
10128918116,Gavin Newsom,Campaign for Democracy PAC,≤100
85452072376,NEWSMAX,"NEWSMAX MEDIA, INC.",≤100
104394262049761,Jeremy's Razors,The Daily Wire,≤100
8501031021,VoteVets.org,VOTEVETS,≤100
309798029121030,Everytown for Gun Safety,Everytown for Gun Safety Action Fund Inc,≤100
130449343291731,Ryan Binkley,BINKLEY FOR PRESIDENT 2024,≤100
7735858972,Humane Society Legislative Fund,Humane Society Legislative Fund,≤100
85273022315,NAMI,These ads ran without a disclaimer,≤100
665345483483486,NRA - National Rifle Association of America,NATIONAL RIFLE ASSN OF AMERICA,≤100
45393753416,Alliance Defending Freedom,Alliance Defending Freedom,≤100
10498053716,Media Research Center,MEDIA RESEARCH CENTER,≤100
100466376050855,Real America Home,Real America Home,≤100
160630887998827,Let Them Live,Let Them Live,≤100
281844617168,Jewish Voice Ministries International,Jewish Voice Ministries International,≤100
304600892905134,Hillsdale College Online Courses,HILLSDALE COLLEGE,≤100
197760674021143,Indivisible Guide,INDIVISIBLE ACTION,≤100
6316744206,Jon Tester,MONTANANS FOR TESTER,≤100
72931140459,Center for Biological Diversity,"CENTER FOR BIOLOGICAL DIVERSITY, INC.",≤100
13673457388,Penguin Random House,Penguin Random House LLC,≤100
780941275347834,Ilhan Omar,ILHAN FOR CONGRESS,≤100
73528878871,Center for Reproductive Rights,Center for Reproductive Rights,≤100
427084097477881,AHIP,America's Health Insurance Plans,≤100
209516845093,NRDC Action Fund,NRDC Action Fund,≤100
13885075114,Action Against Hunger USA,ACTION AGAINST HUNGER - USA,≤100
115379705206001,U.S. Department of Homeland Security Blue Campaign,U.S Department of Homeland Security Blue Campaign,≤100
1958912674200535,The Pour Over,Pour Over,≤100
1593518174052711,Candace Owens,The Daily Wire,≤100
118303441570966,Homeowner Smart,NATIONAL ASSOCIATION OF REALTORS,≤100
101704558574021,Lucas Kunce,Lucas Kunce for Missouri,≤100
107661474402498,Liberty Eagle Apparel,United Patriot,≤100
100652668612020,Essential Plastics Coalition,"CENTER FOR CONSUMER FREEDOM, THE",≤100
104659801302856,Anna Kaplan for New York,Anna Kaplan for New York,≤100
109320440856128,Stand Up to Jewish Hate,"Foundation to Combat Anti-Semitism, Inc.",≤100
408526523045391,Mammoth Nation,Mammoth Nation,≤100
83290028957,Care Net,CARE NET,≤100
936968016365794,The Eric Metaxas Radio Show,Salem Media,≤100
297987334762,Jamie Raskin,Jamie Raskin for Congress,≤100
86071521216,Second Amendment Foundation,SECOND AMENDMENT FOUNDATION INC,≤100
1382441768496365,Pentair,PENTAIR,≤100
1230571136989811,Top of Mind,Top of Mind,≤100
159658557547960,Wall Street Journal Opinion,The Wall Street Journal,≤100
130945114804,World Jewish Congress,ATTN: INC.,≤100
546066468753446,Black Health Matters,BLACK HEALTH MATTERS FOUNDATION INC,≤100
5644748986,National Wildlife Federation,NATIONAL WILDLIFE FEDERATION,≤100
163356414263090,Opt Out Today,EVERGREEN FREEDOM FOUNDATION,≤100
23790541544,Democrats,DCCC,≤100
104677538421476,Cleanomic - Home Essentials,These ads ran without a disclaimer,≤100
302182941354,AARP Advocates,AARP,≤100
453146328539290,HealthPlans,Obamacareplans,≤100
91346559231,Democratic Legislative Campaign Committee - DLCC,Democratic Legislative Campaign Committee,≤100
103695769458,United States Mint,United States Mint,≤100
167586229923327,World Food Program USA,World Food Program USA,≤100
101716172441500,Brennan Center en Español,"WILLIAM J. BRENNAN CENTER FOR JUSTICE, INC.",≤100
100485764982266,Only One,Only One,≤100
103875099042033,DailyWire+,The Daily Wire,≤100
108547455113940,Our America,Our America,≤100
19984154032,Great Performances l PBS,WNET,≤100
104491841664875,Country First,"Country First Action, Inc.",≤100
103588388469410,Disparity Trap,Disparity Trap,≤100
608578919186659,World Vision International,WORLD VISION INTERNATIONAL,≤100
38235851310,USA for UNHCR,UNITED STATES ASSOCIATION FOR UNHCR,≤100
8321461609,MomsRising.org,MomsRising Together,≤100
1593518174052711,Candace Owens,Daily Wire,≤100
255062275778,Tim Tebow Foundation,TIM TEBOW FOUNDATION,≤100
100758682697459,Mayday Health,"Mayday Medicines, Inc.",≤100
59543893235,National Constitution Center,National Constitution Center,≤100
443329669123990,USAFacts,USAFacts Institute,≤100
6502038524,First Book,FIRST BOOK,≤100
248181906078243,National Institute for Civil Discourse,CommonSense American,≤100
107764430968176,Tuttle Twins TV Show,"Tuttle Twins Show, LLC",≤100
178806305466196,PANA (Pennsylvania Association of Nurse Anesthetists),PANA (Pennsylvania Association of Nurse Anesthetists),≤100
206226362732803,Inspire Clean Energy,"Inspire Energy Holdings, LLC",≤100
28126338304,Surfrider Foundation,"SURFRIDER FOUNDATION, INC",≤100
101869563236902,FreedomFest,FreedomFest,≤100
161183970656851,Ruben Gallego,GALLEGO FOR ARIZONA,≤100
101674425989138,MIT Economics Survey on Climate Change,"MIT Climate Change Survey, MIT Department of Economics",≤100
283481148338685,Fight For The Future,Fight for the Future Inc,≤100
34362997676,United States Holocaust Memorial Museum,UNITED STATES HOLOCAUST MEMORIAL MUSEUM,≤100
101903508281567,The Dude's Threads,The Dude's Threads,≤100
103531607822207,Noticias para Inmigrantes,"Wise Rock Media, PBC",≤100
114765400352270,Kite & Key Media,VMTS EDUCATION INC,≤100
141786816970,Cruise Lines International Association - CLIA,Cruise Lines International Association,≤100
192448150001,Jeff Anderson & Associates,Jeffrey R Anderson PA,≤100
50982313030,Food & Water Watch,Food & Water Watch,≤100
431019887282794,Tomorrow's World Today,Flying Cork,≤100
393795797388359,FOUR PAWS,FOUR PAWS INTERNATIONAL INC,≤100
203805062990264,Ben Shapiro,The Daily Wire,≤100
357750373755,National Domestic Workers Alliance,National Domestic Workers Alliance,≤100
197760674021143,Indivisible Guide,Indivisible Project,≤100
282728185140429,Rep For Vets,The Rep For Vets,≤100
284293125336159,Regulatory Transparency Project,FEDERALIST SOCIETY FOR LAW & PUBLIC POLICY STUDIES,≤100
128167457221813,Public Transportation,Voices for Public Transit,≤100
110316380149,Family Policy Alliance,Family Policy Alliance,≤100
104295601633638,American Cornerstone Institute,American Cornerstone Institute Inc,≤100
187005858017014,Climate Power,Climate Power,≤100
77278490877,National Corn Growers Association,NATIONAL CORN GROWERS ASSOCIATION INC,≤100
48049744053,Food Bank of Central & Eastern North Carolina,"FOOD BANK OF CENTRAL & EASTERN NORTH CAROLINA, INC.",≤100
17203056985,Partners In Health,Partners In Health,≤100
1600352356914768,PushBlack,PushBlack,≤100
1526736227567131,TrueCoverage,True Coverage,≤100
13867925345,Equality Florida,Equality Florida,≤100
317284821682168,Messianic Jewish Alliance of America (MJAA),Messianic Jewish Alliance of America,≤100
292351509697,Jerusalem Prayer Team,Jerusalem Prayer Team,≤100
6165653060,AFSCME,AMERICAN FEDERATION OF STATE COUNTY & MUNICIPAL EMPLOYEES,≤100
105157841248307,No Filter Politics,No Filter Politics,≤100
6355071377,American Cancer Society Cancer Action Network - ACS CAN,AMERICAN CANCER SOCIETY CANCER ACTION NETWORK INC,≤100
131306317680000,Social Goods,"Social Goods, LLC",≤100
393076844046051,Progressive Caucus,CONGRESSIONAL PROGRESSIVE CAUCUS PAC,≤100
114351251909317,MyBGE,BALTIMORE GAS & ELECTRIC COMPANY,≤100
57774720835,RESOLVE: The National Infertility Association,RESOLVE THE NATIONAL INFERTILITY ASSOCIATION (USED IN VA BY: RESOLVE INCORPORATED),≤100
140499052681592,Bank of the West,BANK OF THE WEST,≤100
169687486427698,Jentezen Franklin,FREE CHAPEL WORSHIP CENTER,≤100
102568576103681,TPUSA Events,Turning Point USA,≤100
109736674813587,US MADE Coalition,"US Manufacturers Association for Development and Enterprise, Inc.",≤100
113496178208014,Protecting Our Democracy,Protecting Our Democracy,≤100
1809715209318581,Marjorie Taylor Greene,GREENE FOR CONGRESS,≤100
243184199040637,Caring Across Generations,Caring Across Generations,≤100
103465374854017,Professora Giselma - Candidata à Vereadora por Cabo Frio,These ads ran without a disclaimer,≤100
157916567589272,Greater Capital Area Association of Realtors (GCAAR),Greater Capital Area Association of REALTORS®,≤100
20787991568,Senate Democrats,DSCC,≤100
260668817346988,Ignite National,IGNITE,≤100
70995214846,Business Roundtable,Business Roundtable,≤100
100119981671668,Blue Senate,BLUE SENATE PAC,≤100
788559044606908,America Forward,NEW PROFIT INC,≤100
117196981332058,Let's Get Loud,Let's Get Loud,≤100
24330467048,Americans for Prosperity,AMERICANS FOR PROSPERITY,≤100
130945114804,World Jewish Congress,WORLD JEWISH CONGRESS AMERICAN SECTION INC,≤100
102330561613007,Mark Smith,These ads ran without a disclaimer,≤100
111464544881905,America First News,America First News,≤100
340153562850578,Tim Tebow,TIM TEBOW FOUNDATION,≤100
340528409646227,Consumer Action for a Strong Economy,CASE for Consumers,≤100
115050141570258,Montana Way PAC,The Montana Way,≤100
100373975829221,Fòs Feminista Org,Fòs Feminista,≤100
216311481960,Bill Gates,Bill Gates,≤100
393932827634250,Dissent Pins,Common Practice,≤100
103355385129734,The Climate Pledge,The Climate Pledge,≤100
145034262195374,InSinkErator,InSinkErator_Whirlpool,≤100
355783211719644,Veteran Caregivers of America,"Veteran Caregivers, LLC",≤100
154561574598964,White Coat Waste Project,THE WHITE COAT WASTE PROJECT INC,≤100
6240652407,Young America's Foundation,Young America's Foundation Inc,≤100
8002590959,Rainforest Action Network - RAN,RAINFOREST ACTION NETWORK,≤100
108268161352786,Stanley M. Herzog Foundation,Herzog Foundation,≤100
200650357207240,I Love My Freedom,I Love My Freedom,≤100
386305465057247,Liberty Nation,Liberty Nation,≤100
108020134993944,Social Security Planning Association,David Robert Kennon,≤100
786167111464006,Woodson Center,The Woodson Center,≤100
343714718985673,Think Wood,Think Wood,≤100
93228695778,Tea Party Patriots,Tea Party Patriots,≤100
27817332304,American Foundation for Suicide Prevention,AMERICAN FOUNDATION FOR SUICIDE PREVENTION,≤100
7292655492,MoveOn,MOVEON.ORG CIVIC ACTION,≤100
108266445888054,Patriot Academy,TORCH OF FREEDOM FOUNDATION,≤100
134452023239984,Human Coalition,Human Coalition,≤100
711478725532801,Civiqs,Civiqs,≤100
105454117977117,Voices for Consumer Choice,Voices for Consumer Choice,≤100
428330877769054,Ask Anything,Ask Anything,≤100
2602473023098666,Democratic Polling Center,Democratic Governors Association,≤100
7268844551,Rotary International,ROTARY INTERNATIONAL,≤100
102327352833594,Earth HQ,Earth HQ,≤100
1602934239990008,CCM CT,Connecticut Conference of Municipalities,≤100
47710973068,Voices for Cooperative Power,Voices for Cooperative Power,≤100
1590877284560136,Patti Harris,Bloomberg Philanthropies,≤100
60261764250,Childhelp,"CHILDHELP, INC.",≤100
5647744585,PETA (People for the Ethical Treatment of Animals),"PEOPLE FOR THE ETHICAL TREATMENT OF ANIMALS, INC.",≤100
1562713090633117,Operation Underground Railroad,OPERATION UNDERGROUND RAI,≤100
36872302227,Cory Booker,CORY BOOKER FOR SENATE,≤100
104614641200137,MeidasTouch,MEIDASTOUCH,≤100
507070522767934,AACR Foundation,"AMERICAN ASSOCIATION FOR CANCER RESEARCH, INC.",≤100
408250066356,Bill O'Reilly,"Bill Me, Inc.",≤100
169042736456594,All Out,All Out Action Fund.,≤100
7263476274,Mercy Corps,Mercy Corps,≤100
497719423723034,Planned Parenthood California Central Coast,Planned Parenthood California Central Coast,≤100
144105014310,Panasonic North America,Panasonic North America,≤100
2245766435469741,Beersy,Beersy LLC,≤100
103886259329726,US Loan Center,US Loan Center Advantage,≤100
118152441212175,Digital Innovation for America,Digital Innovation for America,≤100
332028597354723,National Partnership for Women & Families Action Fund,National Partnership for Woman & Families Action Fund,≤100
105756057589080,The Lincoln Project,THE LINCOLN PROJECT,≤100
252814820267,HIAS,HIAS,≤100
161994493811699,Conservation Lands Foundation,Conservation Lands Foundation,≤100
118626774835274,Medicare Made Clear,Medicare Made Clear from United Healthcare,≤100
1428755447227803,Defend The Second,Next Level Goods,≤100
1435071773455316,Daily Wire,The Daily Wire,≤100
109118211910879,Mr. 45,Green Straw LLC,≤100
1526707030943680,Phoenix Dream Center,City Help Inc of Phoenix dba Phoenix Dream Center,≤100
999556810102061,Signature Seas,Signature Seas,≤100
1679521432262834,Physicians Grassroots Network,American Medical Association,≤100
220873174076,Animal Equality,ANIMAL EQUALITY,≤100
300992409852,Hoover Institution,Hoover Institution,≤100
7515233409,"Mikey Weinstein, MRFF",MILITARY RELIGIOUS FREEDOM FOUNDATION,≤100
113193773704017,Select-Justice,"Select Justice, LLC",≤100
101246352948437,JuneteenthDelco,These ads ran without a disclaimer,≤100
12596759677,RAICES,REFUGEE AND IMMIGRANT CENTER FOR EDUCATION AND LEGAL SERVICES,≤100
6787988478,Physicians for Human Rights,"PHYSICIANS FOR HUMAN RIGHTS, INC.",≤100
240937060405,Center for Science in the Public Interest (CSPI),Center for Science in the Public Interest,≤100
60000664446,Alzheimer's Association,"ALZHEIMER'S DISEASE AND RELATED DISORDERS ASSOCIATION, INC.",≤100
115415064388243,Brett Cooper,The Daily Wire,≤100
153446658100252,Lumina Foundation,Lumina Foundation,≤100
105561217523274,The Dispatch,"Dispatch Media, Inc.",≤100
26082912881,Project On Government Oversight,Project On Government Oversight,≤100
8524198486,Physicians Committee for Responsible Medicine,"PHYSICIANS COMMITTEE FOR RESPONSIBLE MEDICINE, INC.",≤100
108293898875429,President Trump Supporters,I Love My Freedom,≤100
226999127329906,New York Immigration Lawyer,Law Office of Alena Shautsova,≤100
152264148166020,Moms Clean Air Force,Moms Clean Air Force,≤100
310925405807,Citizens Climate Lobby,Citizens' Climate Lobby,≤100
9324910069,NRSC,NRSC,≤100
250392878345035,The Focused Pastor,Focus on the Family,≤100
102782965216578,Denise Gonzalez for NJ Assembly,Gonzalez for NJ,≤100
15503839732,Peter G. Peterson Foundation,Peter G. Peterson Foundation,≤100
7962229886,Environmental Working Group,ENVIRONMENTAL WORKING GROUP,≤100
290851614930809,Combat AntiSemitism,Combat Hate Foundation,≤100
142474049098533,Robert Reich,Inequality Media,≤100
77062934697,Texas Impact,TEXAS IMPACT,≤100
2255535767896743,Mark Robinson,Friends of Mark Robinson,≤100
5435784683,Greenpeace USA,"GREENPEACE, INC.",≤100
162678203751209,Gilead Sciences,GILEAD SCIENCES INC,≤100
6334782252,Oceana,Oceana,≤100
6756153498,Mike Bloomberg,Bloomberg Philanthropies,≤100
142474049098533,Robert Reich,Inequality Media Civic Action,≤100
407902639235640,JNS.org,Jewish News Syndicate,≤100
928091877203916,Independent Women's Network,Independent Women's Network,≤100
101391906600,Live Action News,Live Action,≤100
94047978366,PCCC - BoldProgressives.org,PROGRESSIVE CHANGE CAMPAIGN COMMITTEE,≤100
1210731362318596,Senator Joe Pennacchio,Senator Joe Pennacchio,≤100
10606591490,TIME,TIME USA LLC,≤100
107008774760761,Color Us United,Color Us United,≤100
6333396177,NewsBusters.org,MEDIA RESEARCH CENTER,≤100
524399207959953,Truth & Liberty Coalition,Truth & Liberty Coalition,≤100
11111618026,Union of Concerned Scientists,"UNION OF CONCERNED SCIENTISTS, INC.",≤100
112735922758892,Charlie Kirk,"Turning Point USA, Inc.",≤100
96491683438,"The Friends of Israel Gospel Ministry, Inc.","FRIENDS OF ISRAEL GOSPEL MINISTRY, INC, THE",≤100
1012679305536045,Elissa Slotkin,Elissa Slotkin for Michigan,≤100
109716011638325,Jane Fonda Climate PAC,JANE FONDA CLIMATE PAC,≤100
2321993584737314,The Markin Report,The Markin Report,≤100
121626482110,Operation Smile,OPERATION SMILE,≤100
46347342434,EMILYs List,EMILY'S LIST,≤100
63035598597,WEAC,Wisconsin Education Association Council,≤100
1869687273277265,Run for Something,Run For Something PAC,≤100
104015109339573,TEXAS CARES,Texas Consumers for Affordable and Reliable Electricity Solutions,≤100
1587042581548247,Chasing the Dream: Poverty and Opportunity in America,WNET,≤100
51405613519,Focus on the Family,Focus on the Family,≤100
109352563640,Water.org,WATER.ORG INC.,≤100
104107788684988,Tom Klingenstein,TomKlingenstein.com,≤100
108970206976,World Vision USA,WORLD VISION INC.,≤100
8936818385,Accuracy in Media,Flo Communications,≤100
269348454714,IMB,"INTERNATIONAL MISSION BOARD OF THE SOUTHERN BAPTIST CONVENTION, THE",≤100
121940824138795,North Carolina Association of Health Plans,"North Carolina Association of Health Plans, Inc",≤100
657708380952174,Voices of the Civil Rights Movement,Comcast,≤100
1163811040367180,Food & Water Action,FOOD & WATER ACTION,≤100
134687123337151,CDC HIV,Centers for Disease Control and Prevention,≤100
56332452163,AMA Patients Action Network,American Medical Association,≤100
93692255431,Bread for the World,"BREAD FOR THE WORLD, INC.",≤100
8047221596,Save the Children US,SAVE THE CHILDREN FEDERATION INC.,≤100
349068689306,Tim Scott,Tim Scott Presidential Exploratory Committee,≤100
7219151423,The Fund for American Studies (TFAS),FUND FOR AMERICAN STUDIES,≤100
106315901551850,The U.S. Concealed Carry Association for Saving Lives,U.S. Concealed Carry Association For Saving Lives. Not Authorized By Any Candidate Or Candidate's Committee.,≤100
74470852653,Mike Pompeo,Champion American Values PAC,≤100
154899547637,TechnoServe,"TechnoServe, Inc",≤100
102961088866702,Sarah Klee Hood for Congress,SARAH KLEE HOOD FOR NY,≤100
100249953038234,Capital Access Alliance,Capital Access Alliance,≤100
176099663659,Armed Services YMCA,ARMED SERVICES YMCA OF THE USA,≤100
466164103423147,Thorn,Thorn,≤100
160005659383,PreBorn,"MISSION: PRE-BORN, INC.",≤100
114009933764548,The Patriot Club,RightWingGear.com,≤100
21090771700,Gun Owners of America,Gun Owners of America,≤100
166194476728392,Center Street,"Hachette Book Group, Inc.",≤100
227594571444676,Building New York's Best,Carpenter Contractor Alliance of Metropolitan New York,≤100
349800859019034,The 19th News,The 19th,≤100
108512875350,The Atlas Society,The Objectivist Center Ltd,≤100
1546952572205770,UAE USA United,The Embassy of the United Arab Emirates,≤100
105753898811449,Align Us,Kyle Reyes,≤100
81517275796,UNICEF USA,UNITED STATES FUND FOR UNICEF,≤100
125769584126996,Yael Eckstein,"INTERNATIONAL FELLOWSHIP OF CHRISTIANS & JEWS, INC.",≤100
103565195134756,America First Policy Institute,America First Policy Institute,≤100
104396194587918,C3 Solutions,Conservative Coalition for Climate Solutions,≤100
24481937944,Theodore Roosevelt Conservation Partnership,"THEODORE ROOSEVELT CONSERVATION PARTNERSHIP, INC",≤100
238473269650980,Capital & Main,CAPITAL & MAIN,≤100
93565224474,Mercy For Animals,MERCY FOR ANIMALS,≤100
911828698840246,ReLEntless Defender Apparel,ReLEntless Defender Apparel,≤100
33130879085,The Hastings Center,The Hastings Center,≤100
97466887664,Innocence Project,"INNOCENCE PROJECT, INC., THE",≤100
130234313704399,United We Dream,UNITED WE DREAM NETWORK INC,≤100
29717379728,International Justice Mission,International Justice Mission,≤100
106795887744054,In Utah,Utah Governor's Office of Economic Opportunity,≤100
403737406341879,National Women's Health Network,NATIONAL WOMENS HEALTH NETWORK,≤100
158505287559920,Save the Storks,Save the Storks,≤100
10524033745,Remote Area Medical - RAM,REMOTE AREA MEDICAL,≤100
971668776283950,PolicyEd,Hoover Institution,≤100
485951371457440,Texas Gun Rights,Texas Gun Rights,≤100
100728088391862,Delmarva Parent Teacher Coalition,Delmarva Parent Teacher Coalition,≤100
7606381190,Amy Klobuchar,KLOBUCHAR FOR MINNESOTA,≤100
101064776613325,Charles Tyrwhitt,These ads ran without a disclaimer,≤100
103552914774916,Science Moms,Potential Energy Coalition Inc,≤100
372577693078008,"Saenz-Garcia Law, PLLC","Saenz-Garcia Law, PLLC",≤100
111380958315889,Secure Financial Future,INVESTMENT COMPANY INSTITUTE,≤100
110981884065996,AbortionFinder,Power to Decide,≤100
102524572552258,Breast Feeding Infant Development Support Alliance,Breastfeeding & Infant Development Support Alliance,≤100
100974392544079,RussiLeaks,"RussiLeaks USA, LLC",≤100
248539568517772,New Jersey League of Conservation Voters,NJ LEAGUE OF CONSERVATION,≤100
142161905817424,AMAC - The Association of Mature American Citizens,The Association of Mature American Citizens Inc,≤100
201956993160690,MRCTV,MEDIA RESEARCH CENTER,≤100
107454490912636,Jewish Future Pledge,Jewish Future Pledge Inc,≤100
104979848524405,Starts With Us,Lubetzky Family Foundation,≤100
104981939210693,Clayton Keirns,I Love My Freedom,≤100
232467307162583,Farm Action,Family Farm Action,≤100
92021268117,Working America,Working America,≤100
337038226473839,Trish Regan,"SALEM MEDIA GROUP, INC.",≤100
416913748508616,We Welcome,We Welcome Refugees,≤100
485980975070908,Abigail Spanberger,SPANBERGER FOR CONGRESS,≤100
1443127535947107,Save the Children Action Network,Save the Children Action Network,≤100
102490504962117,Phade products,Phade products,≤100
459728905706,UMCGiving,United Methodist Communications,≤100
58158120046,ACLJ,American Center for Law and Justice,≤100
8550121410,Free Speech America Project,MEDIA RESEARCH CENTER,≤100
6391689884,Clinique,These ads ran without a disclaimer,≤100
89336510798,American Friends of the Hebrew University,American Friends of Hebrew University,≤100
170491079663777,The Sentencing Project,"SENTENCING PROJECT INC, THE",≤100
170169493012341,The Fund for Global Human Rights,FUND FOR GLOBAL HUMAN RIGHTS,≤100
89855016270,National Conference of State Legislatures,National Conference of State Legislatures,≤100
1848805358783239,Asa Hutchinson,"ASA FOR AMERICA, INC.",≤100
896759427103774,Modern Medicaid Alliance,Modern Medicaid Alliance,≤100
101432317199,Blue Cross and Blue Shield Association,BLUE CROSS AND BLUE SHIELD ASSOCIATION,≤100
275562462868659,Resource UMC,United Methodist Communications,≤100
407574302634999,AFSCME 3299,AFSCME LOCAL 3299 HID,≤100
19575923823,Farm Sanctuary,"Farm Sanctuary, Inc.",≤100
70531357576,Freedom Forum,"FREEDOM FORUM INC, THE",≤100
174941115857811,Campaign for Southern Equality,Campaign for Southern Equality,≤100
1050320055029012,Outrider Foundation,OUTRIDER FOUNDATION INC,≤100
150779984941409,Rave Mobile Safety,These ads ran without a disclaimer,≤100
742790559090054,Alex Rowan Foundation,David Rowan,≤100
235039782048,Array of Hope,ARRAY OF HOPE,≤100
7833534974,Florida Democratic Party,Florida Democratic Party,≤100
108913648781152,Hardworking Americans,Hardworking Americans Inc,≤100
104908071917505,Welcome.us,Welcome.us,≤100
205474322799982,DC Black Pride,Kenya Anthony Hutton,≤100
17414523278,Democracy Now!,DEMOCRACY NOW,≤100
30914589895,The International Fellowship of Christians and Jews,INTERNATIONAL FELLOWSHIP OF CHRISTIANS & JEWS INC,≤100
359560497939415,Re-Elect Chief Hoskin and Deputy Chief Warner,Hoskin Warner,≤100
1166660030079480,National Democratic Redistricting Committee,National Democratic Redistricting Committee,≤100
83865976093,Truthout,TRUTHOUT,≤100
945455208962159,For Everyone Collective,For Everyone Collective,≤100
12357407443,American Friends Service Committee,AMERICAN FRIENDS SERVICE COMMITTEE,≤100
114665075250432,The Zalkin Law Firm,"The Zalkin Law Firm, P.C.",≤100
645392368909975,carafem,carafem,≤100
120102651346136,Nevada State Treasurer’s Office,STATE TREASURER NEVADA OFFICE OF,≤100
103648802451237,Fair Courts America,Fair Courts America,≤100
458142697588014,AARP Public Policy Institute,AARP,≤100
105377404649506,Solidarity Fund by Coworker,COWORKER SOLIDARITY FUND,≤100
583258211727279,Shai Fund,SHAI FUND INC,≤100
311901101987,"The Seeing Eye, Inc.",SEEING EYE INC,≤100
102527849881766,Wes Moore,"By Authority: Wes Moore for Maryland, Mary Tydings, Treasurer",≤100
100403528653081,Punchbowl News,Punchbowl News,≤100
103376804451432,Trending Politics,I Love My Freedom,≤100
266602360083204,The Children's Trust,"CHILDREN'S TRUST, INC",≤100
109599248636777,Consumer Credit Card Protection Coalition,CONSUMER CREDIT CARD PROTECTION COALITION,≤100
124506846628,Agape International Missions,AGAPE INTERNATIONAL MISSIONS,≤100
142957224352,International Medical Corps,International Medical Corps,≤100
380884168648080,Population Research Institute,POPULATION RESEARCH INSTITUTE,≤100
48994809349,Ms. Foundation for Women,MS FOUNDATION FOR WOMEN INC,≤100
261951940219,Goldman Environmental Prize,Goldman Environmental Foundation,≤100
116204538416735,The AIDS Institute,AIDS INSTITUTE INC,≤100
9423488774,American Clean Power Association,American Clean Power Association,≤100
145973965440671,Carnegie Corporation of New York,CARNEGIE CORPORATION OF NEW YORK,≤100
1165715730222155,Consumer Choice Center,Consumer Choice Center,≤100
118986097831907,Patriots of Honor,Patriots of Honor,≤100
397054531024452,COPS Training Portal,COPS Training Portal,≤100
153718778006865,CDC VetoViolence,CDC VetoViolence,≤100
112688501227731,My Schools Newark,New Jersey Children's Foundation,≤100
302111635698,National Association of Tax Professionals (NATP),National Association of Tax Professionals,≤100
127276773973529,SEVA FOUNDATION,Seva Foundation,≤100
108247581851552,Democracy Defense Fund,DEMOCRACY DEFENSE FUND,≤100
60182072999,Lila Rose,Live Action,≤100
2254455051442790,Patriot Depot,Flag & Cross,≤100
114301413446447,The Climate Initiative,Kennebunkport Climate Initiative,≤100
107077981585236,"Debt Elimination NOW, Neeley Law","Debt Elimination NOW, Neeley Law",≤100
661744180680367,National Police Association,"NATIONAL POLICE ASSOCIATION, INC.",≤100
555787351119974,Coalition to Protect America's Health Care,Coalition to Protect America’s Health Care,≤100
118510457803652,Images we see,Aruna Sankaranarayanan,≤100
313723095478950,Daily Citizen,Focus on the Family,≤100
107533860975028,Conservative,CONSERVATIVE LLC,≤100
115262456592822,Christians Engaged,Christians Engaged,≤100
152065518140304,Wildlife Conservation Society,Wildlife Conservation Society,≤100
113986481630469,Trending Patriots,I Love My Freedom,≤100
116046671403850,Dixon McMakin for State Representative,Dixon McMakin for State Representative,≤100
449532451834913,Fishers Finery,Fishers Finery,≤100
41093998634,The Christian Post,The Christian Post,≤100
444237349074965,GPB News,Georgia Public Telecommunications Commission,≤100
314212505331993,Museum of the American Revolution,These ads ran without a disclaimer,≤100
18983389920,Open Society Foundations,Open Society Foundations,≤100
103546351703577,Dallas Express,Dallas Express Media,≤100
268742029966978,PowerToFly,These ads ran without a disclaimer,≤100
6334782252,Oceana,OCEANA INC,≤100
293225127381200,Patriot Depot,The Patriot Depot,≤100
130268756992804,Yale Climate Connections,Yale Climate Connections,≤100
50822254585,Mountain States Legal Foundation,Mountain States Legal Foundation,≤100
2070944712939738,American Police Officers Alliance,American Police Officers Alliance,≤100
236829849700741,Al-Monitor,AL-MONITOR,≤100
205795426669644,Facts and Logic about the Middle East,Facts and Logic About the Middle East,≤100
9694956217,Animal Legal Defense Fund,ANIMAL LEGAL DEFENSE FUND,≤100
259351004139042,Ashbrook Center,Ashbrook Center,≤100
102771646440276,Jesus Christ Savior by Beliefnet,"BN Media, LLC",≤100
105173311888160,Star and Bar,Star and Bar,≤100
43934405787,IPPF,International Planned Parenthood Federation Worldwide Inc,≤100
100700519593180,"Buck Nasty Media. Sports, culture, politics, and the Nasty Truth",Robert Mattox,≤100
153278754738777,Climate Reality,The Climate Reality Project,≤100
508887815910815,BPR,BizPac Review,≤100
119953292796,Jim Banks,BANKS FOR SENATE,≤100
1560105467624797,Generation180,Generation180,≤100
43426724597,Paper Culture,Paper Culture LLC,≤100
106058025408954,Do No Harm Medicine,Do No Harm,≤100
102993965562061,Second Amendment Hunters,Gun Owners of America - 2nd Amendment Hunters,≤100
300341323465160,The Daily Signal,HERITAGE FOUNDATION (THE),≤100
38812906703,United Friends of the Children,United Friends of the Children,≤100
104853645903563,Excellent Book,These ads ran without a disclaimer,≤100
239452426714,American Action Network,American Action Network,≤100
1470540296409810,Fair Fight Action,FAIR FIGHT ACTION INC,≤100
111368974546445,"Fidelis Publishing, LLC",These ads ran without a disclaimer,≤100
101267705869524,OLAS Media,OLAS Media,≤100
100540971962779,Localyst,"Accelerate Change, Inc.",≤100
833703819981407,Atlantic Re:think,The Atlantic Monthly Group LLC,≤100
101374728149342,A Starting Point,A Starting Point LLC,≤100
1914537155242810,Life: Powered,Texas Public Policy Foundation,≤100
417522508294454,Job Creators Network,Job Creators Network,≤100
14038292386,Women for Women International,WOMEN FOR WOMEN INTERNATIONAL,≤100
104873005081197,Repro Legal Defense Fund,IF/WHEN/HOW,≤100
38882699096,Polaris,POLARIS PROJECT,≤100
289185555043843,Conservative Texans for Energy Innovation Foundation,Conservative Texans For Energy Innovation,≤100
47429735799,Miami-Dade County Government,Miami-Dade County,≤100
123624513983,The Western Journal,The Western Journal,≤100
14084625156,Susan G. Komen,Susan G. Komen,≤100
487571108071357,Affordable Healthcare Coalition of NC,Affordable Healthcare Coalition of NC,≤100
27311599342,Preemptive Love,Preemptive Love Coalition,≤100
190697157619887,Freedom Foundation,Freedom Foundation,≤100
59877921429,Lutheran Immigration and Refugee Service,"LUTHERAN IMMIGRATION AND REFUGEE SERVICE, INC.",≤100
55708608675,RAND Corporation,"RAND CORPORATION, THE",≤100
105861441295494,97Percent,97PERCENT ORG INC,≤100
164966660351345,Hope Outfitters,Hope Outfitters,≤100
8145161702,Lambda Legal,LAMBDA LEGAL DEFENSE & EDUCATION FUND INC,≤100
290548664672,First Liberty Institute,First Liberty Institute,≤100
1196196390526965,Facebook Surveys,These ads ran without a disclaimer,≤100
865099700332025,TeePublic.com,These ads ran without a disclaimer,≤100
102027764795677,American Wire,BizPac Review,≤100
102204903345,The Vilcek Foundation,"VILCEK FOUNDATION, INC., THE",≤100
123091044105059,Sign For D51 Kids,SignforD51kids.org,≤100
518194348194441,RepresentUs,RepresentUs,≤100
201446296572389,Compassion in World Farming (USA),Compassion in World Farming Inc,≤100
143173285763,Tenth Amendment Center,Tenth Amendment Center,≤100
123857614319417,Texas Nationalist Movement,Texas Nationalist Movement,≤100
8446177150,Chosen People Ministries,CHOSEN PEOPLE MINISTRIES INC,≤100
11918108948,African Wildlife Foundation,AFRICAN WILDLIFE FOUNDATION,≤100
190028064393532,DonorVoice,DonorVoice,≤100
100692068471118,Explain America,Apse Media LLC,≤100
243795232247,Mennonite Central Committee - MCC,MENNONITE CENTRAL COMMITTEE U.S.,≤100
497949630282962,Retirement Specialty Group,Retirement Specialty Group,≤100
109729861699329,Speak4,Speak4,≤100
97624620788,American Friends of Magen David Adom,AMERICAN FRIENDS OF MAGEN DAVID ADOM,≤100
579929718814187,Hospital Workers Rising,SEIU HEALTHCARE PENNSYLVANIA,≤100
110480728196620,Small Business Digital Alliance,Small Business Digital Alliance,≤100
1428283027462702,Restoration of America,RESTORATION PAC,≤100
100659405994181,"Stan Fitzgerald - Veterans For America First , Legacy PAC",Stanley Fitzgerald,≤100
384006901653736,The Moore Charitable Foundation,Moore Charitable Foundation,≤100
106582384539447,Design for Freedom by Grace Farms,"GRACE FARMS FOUNDATION, INC.",≤100
182620315479,Plan International USA,Plan International USA,≤100
305283975264,Pulmonary Hypertension Association,"PULMONARY HYPERTENSION ASSOCIATION, INC.",≤100
109856025180094,It's Giving,These ads ran without a disclaimer,≤100
691761057548436,Maryland Department of Health - Substance Use Disorders,Maryland Department of Health,≤100
107394202272763,And To The Republic,AND TO THE REPUBLIC,≤100
2321993911380376,Dr. Patricia Campos Medina,Cristina Coll,≤100
316955281351,APWU - The American Postal Workers Union,AMERICAN POSTAL WORKERS UNION,≤100
103047259150209,What I Want to Know with Kevin P. Chavous,"Stride, Inc.",≤100
103082819375063,For a Better Bayou,For a Better Bayou,≤100
58043814556,Oklahoma City Memorial Marathon,Oklahoma City Memorial Marathon,≤100
168876449866088,The Years Project,THE YEARS PROJECT,≤100
1534290989956166,Philanthropy Roundtable,"PHILANTHROPY ROUNDTABLE, THE",≤100
1327559570587836,The Bail Project,"BAIL PROJECT, THE",≤100
1628922377207463,Randy Feenstra,FEENSTRA FOR CONGRESS,≤100
80770833881,Eagles' Wings,EAGLES' WINGS MINISTRIES,≤100
278845882737338,Christopher F. Rufo,Christopher F. Rufo,≤100
6012633110,Communications Workers of America,"COMMUNICATIONS WORKERS OF AMERICA, AFL-CIO, CLC",≤100
1374906906166064,The Policy Circle,The Policy Circle,≤100
84645912778,Prosperity Now,PROSPERITY NOW,≤100
102413723172970,Nick Adams,Nick Adams,≤100
88410949777,Population Media Center,"POPULATION MEDIA CENTER, INC.",≤100
213191459362508,Steve Descano,Friends of Steve Descano,≤100
671704926189978,Dan Benson for NJ,Friends of Dan Benson,≤100
112642477582238,Mericanaf,AAF Nation,≤100
494259170754224,Keeping IDentities Safe,KEEPING IDENTITIES SAFE,≤100
64974200999,America-Israel Friendship League,AMERICA-ISRAEL FRIENDSHIP LEAGUE,≤100
102982659268640,Heart & Health,Partner for Heart & Health,≤100
234744096655497,Alliance For Early Success,Alliance for Early Success,≤100
107308698272177,Gas Leaks Action,Gas Leaks Action,≤100
100768036281308,Right Our Story,Right Our Story,≤100
1539972792944463,Forge Leadership Network,Forge Leadership Network,≤100
378084314984,Trane Technologies,Trane Technologies,≤100
23311628592,Heartland Alliance,Heartland Alliance for Human Needs & Human Rights,≤100
497348647140658,Point Source Youth,Point Source Youth,≤100
142914269087072,Cornell Lab of Ornithology,Cornell Lab of Ornithology,≤100
196152367093112,Planned Parenthood Advocates of Nebraska,Planned Parenthood Advocates of Nebraska,≤100
114513494875415,America's Freedom Page,USA Features Media LLC,≤100
659878157406228,America's Warrior Partnership,America's Warrior Partnership,≤100
169204449790211,Conservative News Today,BizPac Review,≤100
332671562949,Diversey,"Diversey Holdings, LTD.",≤100
78420171887,Sailors for the Sea,OCEANA INC,≤100
174793662656828,Colorado Peak Politics,Peak Politics LLC,≤100
71324717432,National Association of Scholars,NATIONAL ASSOCIATION OF SCHOLARS,≤100
109343231965723,Better PA Roads & Bridges,Better Pennsylvania Roads and Bridges,≤100
194626061640,Republican Party of Orange County,Republican Party of Orange County,≤100
142405795847179,Breathe Project,COMMUNITY FOUNDATION OF GREATER JOHNSTOWN,≤100
104092062075803,USA Jolt,"Jolt Media, Inc.",≤100
102961048478150,Center for Renewing America,CENTER FOR RENEWING AMERICA INC,≤100
156496968533805,Explore Beyond,NCTA - The Internet & Television Association,≤100
97279934919,bp America,BP CORPORATION NORTH AMERICA INC.,≤100
104588042638574,"Healing Minds, Powering Communities","FOUNTAIN HOUSE, INC.",≤100
78252502913,Jhpiego,Jhpiego,≤100
405381432827374,Pierce County,Pierce County,≤100
260933440643373,UltraViolet,UltraViolet Education Fund,≤100
103481651030324,Great Lakes. Michigan Jobs.,Great Lakes. Michigan Jobs.,≤100
163662804426854,Life Advancement Group,Nathan Montgomery Berning,≤100
165734163437699,"Little, Brown and Company","Hachette Book Group, Inc.",≤100
102044622753692,American Potential Podcast,AMERICANS FOR PROSPERITY,≤100
143981748956175,Rural Assembly,Rural Assembly,≤100
192609620649,The University of Chicago,The University of Chicago,≤100
1338822066131069,Women's March,Women's March,≤100
21813808850,American Battlefield Trust,American Battlefield Trust,≤100
106862204671108,The Deplorable Americans,Justin Gustafson,≤100
324558475104607,United We Dream Action,United We Dream Action,≤100
67945990059,The American Petroleum Institute,The American Petroleum Institute,≤100
56074851990,Truth Initiative,TRUTH INITIATIVE FOUNDATION,≤100
474062436008137,Team McCaul,"McCaul for Congress, Inc.",≤100
107732475454036,Crown of Country,These ads ran without a disclaimer,≤100
103670251396143,ttrissl,These ads ran without a disclaimer,≤100
274394006605216,History A2Z Magazine,These ads ran without a disclaimer,≤100
138290759549138,Hope Clinic,Hope Clinic for Women,≤100
112040085538227,Denver Elections,Denver Elections Division,≤100
64206021703,National Committee to Preserve Social Security and Medicare,NATIONAL COMMITTE TO PRESERVE SOCIAL SECURITY AND MEDICARE,≤100
309798029121030,Everytown for Gun Safety,Everytown for Gun Safety Support Fund Inc,≤100
25121889784,Texas Public Policy Foundation,Texas Public Policy Foundation,≤100
106909358810669,Stop RCV,Stop RCV,≤100
118385911198439,Trending Politics News,I Love My Freedom,≤100
138492335404,Scott Walker,FORWARD USA FEDERAL POLITICAL ACTION COMMITTEE,≤100
1707505176197284,FREOPP,THE FOUNDATION FOR RESEARCH ON EQUAL OPPORTUNITY,≤100
5970146660,Community Change,Center for Community Change Action,≤100
50513265848,Citizens United,Citizens United,≤100
148205145252473,Backcountry Hunters & Anglers,Backcountry Hunters & Anglers,≤100
8895898655,Rainforest Alliance,"RAINFOREST ALLIANCE, INC.",≤100
55549065733,Voto Latino,VOTO LATINO INC.,≤100
101330089548224,John Burrows for Congress,John Burrows for Congress,≤100
151894654697,Save Our States,Save Our States,≤100
16900111951,National Organization for Women (NOW),NATIONAL ORGANIZATION FOR WOMEN,≤100
1425435377743310,Conversations with Bill Kristol,FOUNDATION FOR CONSTITUTI,≤100
115031433563622,Leading Ladies,BizPac Review,≤100
103171994635775,Angela Alsobrooks,Alsobrooks for Senate,≤100
214061167976,El Tiempo Latino,Center for Community Change Action,≤100
129278807814364,Women of Welcome,Women of Welcome,≤100
1499191057075106,Chronic Disease Coalition,Chronic Disease Coalition,≤100
745304825534862,Steve Scalise,Team Scalise,≤100
234142976633158,Wake Up World & Smell the Coffee,Edith Dume Lerner,≤100
150127528352944,Food Integrity Campaign,GOVERNMENT ACCOUNTABILITY PROJECT INC,≤100
101350839190816,Macro Conservative,Macro Conservative,≤100
117957137899832,Working Power,Working Power LLC,≤100
367292494407,AJC - American Jewish Committee,AMERICAN JEWISH COMMITTEE,≤100
113202014337897,Defending American Liberty,Defending American Liberty,≤100
42940254353,Human Rights Watch,"HUMAN RIGHTS WATCH, INC.",≤100
210357995667559,The National Memo,The National Memo,≤100
710669049286394,Woo the People,Woo the People,≤100
304842759546695,Brooklyn Institute for Social Research,Brooklyn Institute for Social Research,≤100
35169196082,Project HOPE,"PROJECT HOPE-THE PEOPLE-TO-PEOPLE HEALTH FOUNDATION, INC.",≤100
115629791509819,Stateline,States Newsroom,≤100
158714780827513,UNFPA,UNFPA,≤100
177840168921979,Chesapeake Health Care,These ads ran without a disclaimer,≤100
37461287798,Jesuit Refugee Service/USA,JESUIT REFUGEE SERVICE INC,≤100
111357897876676,Scotty Moore for Congress,Scotty Moore for Congrss,≤100
102420431749179,Raging Americans,Tomer Barazani,≤100
108649364845367,One Main Street Colorado,One Main Street Colorado,≤100
1553978148244954,Build With Strength,Build With Strength,≤100
100913694925880,"Akalan Law Firm, PLLC","Akalan Law Firm, PLLC",≤100
248507065275406,Congressman Matt Cartwright,Congressman Matt Cartwright,≤100
458643554482238,Uri Velez La Sra de los Seguros,Euridis Velez,≤100
133937690180,Student Conservation Association,Student Conservation Association,≤100
165948483437012,Last Chance for Animals (LCA),LAST CHANCE FOR ANIMALS,≤100
1832744013698336,Mahogany Mommies,Mahogany Mommies,≤100
158689780839317,vegan,Eugene Khutoryansky,≤100
108641741851973,Magic Valley Energy,Magic Valley Energy LLC,≤100
117852011575387,Unitarian Universalist Fellowship of Winston-Salem,UNITARIAN UNIVERSALIST FELLOWSHIP,≤100
49421708941,Americans for Limited Government,AMERICANS FOR LIMITED GOVERNMENT IN,≤100
108179361951729,Republican Patriots,Tomer Barazani,≤100
747004618667089,Belev Echad,BELEV ECHAD INC,≤100
38234604057,PEN America,PEN AMERICAN CENTER INC,≤100
89234192992,American Heritage Education Foundation,"AMERICAN HERITAGE FILMS, LLC",≤100
227877611392,The Alaska Center,The Alaska Center,≤100
113858467992659,David Owen for Delegate,Friends of David Owen,≤100
105392472535679,Robert J.Harrison,Y Associates,≤100
100484735718366,The Coalition for Carolina,Coalition for Carolina,≤100
346612865750115,Korea Defense Veterans Association,Korea Defense Veterans Association,≤100
147126507164,ACTwireless,ACTwireless,≤100
105364682148003,Available To All,Available To All,≤100
700806360047982,CFG Action,Club for Growth Action,≤100
1731084720451495,Saprea,The Younique Foundation,≤100
351310239372,Associated Republicans of Texas,Associated Republicans of Texas,≤100
102712325850529,Libratum Press,Libratum Press LLC,≤100
100283969714327,April O’Leary,April Oleary,≤100
700941689954518,Defend Our Future,Defend Our Future,≤100
262536810935097,Housing Is A Human Right,AIDS HEALTHCARE FOUNDATION,≤100
984421991732710,Paycheckology,Paycheckology,≤100
102868946106278,Reel Congress,BizPac Review,≤100
199510830508053,Melaneyes Media,Melaneyes Media LLC,≤100
37266625280,Marc Molinaro,MARC FOR US,≤100
117132003409216,Andria McClellan,McClellan for VA Senate,≤100
1654550184799326,RetireSafe,RetireSafe,≤100
110442961603215,Yikes Today,Tomer Barazani,≤100
20603236087,Love146,"LOVE146, INC.",≤100
215968684159,AFT - American Federation of Teachers,American Federation of Teachers,≤100
116546288359245,Heritage Action for America,HERITAGE ACTION FOR AMERICA,≤100
75553755070,Michael Smerconish,Michael Smerconish,≤100
55053345685,Pretrial Justice Institute,PRETRIAL JUSTICE INSTITUTE,≤100
19342050934,Leadership Institute,LEADERSHIP INSTITUTE INC,≤100
199891603386344,Common Ground Committee,Common Ground Committee,≤100
366741496830,Southern California Edison (SCE),Southern California Edison,≤100
122531741163825,American Liver Foundation,AMERICAN LIVER FOUNDATION,≤100
102230249080409,Freedom First,Jennifer Ann Robertson,≤100
161151357262063,Fountain House,"FOUNTAIN HOUSE, INC.",≤100
58736997707,Marco Rubio,Rubio Victory Committee,≤100
107323051758635,Josh Riley,Josh Riley for Congress,≤100
34701792581,EWTN,"ETERNAL WORD TELEVISION NETWORK, INC.",≤100
993294760683044,Education Reform Now,EDUCATION REFORM NOW ADVOCACY INC,≤100
85252863415,National Latina Institute for Reproductive Justice,NATIONAL LATINA INSTITUTE FOR REPRODUCTIVE HEALTH,≤100
401240226922554,VoLo Foundation,VoLo Foundation,≤100
327853590558653,"Agri-Pulse Communications, Inc.","AGRI-PULSE COMMUNICATIONS, INC.",≤100
110700067011185,No Dem Left Behind PAC,NO DEM LEFT BEHIND PAC,≤100
108310235885897,Haymarket Books,"CENTER FOR ECONOMIC RESEARCH AND SOCIAL CHANGE, INC. THE",≤100
186977768011413,Ironworkers Rising,"International Association of Bridge, Structural, Ornamental, and Reinforcing Iron Workers",≤100
131664893560695,Origins OSU,Origins: Current Events in Historical Perspective,≤100
120798810959571,Elect Jake Sullivan For Sheriff,Jake Sullivan For Sheriff,≤100
56680318666,Illinois Policy,Illinois Policy,≤100
312657362217994,Women's Heart Alliance,Women's Heart Alliance,≤100
19990774371,Delegate Nic Kipke,Friends of Nic Kipke,≤100
473191156175163,EDF Action,Environmental Defense Action Fund,≤100
117819650905617,Red Wave News,Tomer Barazani,≤100
223608490170,The Ruth Institute,The Ruth Institute,≤100
138354569532939,"Tradition, Family, Property - TFP","American Society for the Defense of Tradition, Family and Property",≤100
127637620616803,Comcast Newsmakers,COMCAST CORPORATION,≤100
341163402640457,NowThis,These ads ran without a disclaimer,≤100
109186722089114,Brannon For BM,Brannon Nichols,≤100
126855128568,FEBC (Far East Broadcasting Company),"FAR EAST BROADCASTING COMPANY, INC.",≤100
102486559194712,Private Equity Stakeholder Project,Climate Nexus - Rockefeller Philanthropy Advisors Sponsored Project,≤100
203156483151292,PassionLife,PassionLife Ministries,≤100
109521013225,Nikki Haley,Nikki Haley for President,≤100
195100614324426,The Freedom Initiative,The Freedom Initiative,≤100
106282390902223,PHCA,PHCA,≤100
36085812354,Rainforest Foundation US,"Rainforest Foundation, Inc.",≤100
110099228407333,Chevron Advocacy Network,Chevron Advocacy Network,≤100
160630887998827,Let Them Live,Nathan Montgomery Berning,≤100
269908037561,Missourians to Abolish the Death Penalty,Missourians to Abolish the Death Penalty,≤100
102392018062460,Delegate A.C. Cordoza,FRIENDS OF AC CORDOZA,≤100
105348224679358,The Don't Unfriend Me Show,DONT UNFRIEND ME,≤100
197374340229,E2 - Environmental Entrepreneurs,E2 (Environmental Entrepreneurs),≤100
601678723294742,The Bill Walton Show,Resolute Protector Foundation,≤100
111044621745187,Liberty News,Michael Scott Hughes,≤100
108448004014806,Tim Anderson For Virginia,Friends of Tim Anderson,≤100
145452432841937,Candi CdeBaca,Candi for Council,≤100
113341457791145,Voices for Healthy Green Spaces,Voices for Healthy Green Spaces,≤100
513695272011123,The Genesis Prize,GPF NA LLC,≤100
19856390207,LiveBeyond,MOBILE MEDICAL DISASTER RELIEF INC,≤100
107766235181961,The Nunn Report,The Nunn Report,≤100
115270001513468,Stitch for Sheriff,Stitch for Sheriff,≤100
107350962049617,Count on Mothers,Mothers Count LLC,≤100
376250065793807,Citizens for Responsible Energy Solutions,CITIZENS FOR RESPONSIBLE ENERGY SOLUTIONS INC,≤100
278052172260101,ZERO TO THREE,ZERO TO THREE,≤100
40973310753,Pathfinder International,Pathfinder International,≤100
610264146298573,The American Council,The American Council for Evangelicals,≤100
102221165021408,Law Forward,"Law Forward, Inc.",≤100
1653885501501009,Propeller,Propeller Enterprises,≤100
101377889168483,Gumbo Limbo Coastal Stewards,"Gumbo Limbo Coastal Stewards, Inc.",≤100
154670481249867,PowerSwitch Action,PowerSwitch Action,≤100
282621681917201,Afscme Texas Retirees Chapter 12,Afscme Texas Retirees Chapter 12,≤100
101791315693,Destiny Rescue,"Destiny Rescue International, Inc.",≤100
108537340548276,"Haiku, Inc.",Kyle Reyes,≤100
1633068446926625,Bharath Maddineni for TANA Treasurer,Bharath Maddineni for TANA Treasurer,≤100
18813753280,Human Rights Campaign,"HUMAN RIGHTS CAMPAIGN, INC.",≤100
719735274774629,The Local,East Falls Media,≤100
225422650854192,Election Systems & Software,Election Systems & Software,≤100
101103254533,SOS International,SOS International,≤100
110525900854803,Stenonymous,Christopher Michael Day,≤100
127668823933246,The NewDEAL,NEWDEAL,≤100
106318047674762,Liz Terwilliger for Congress,Liz Terwilliger for Congress,≤100
11602044174,Independent Women's Forum,Independent Women's Forum,≤100
506680536015406,HumanProgress.org,"CATO INSTITUTE, INC.",≤100
105599502191866,Florida Jolt,"Jolt Media, Inc.",≤100
101670979560788,Reel Police,BizPac Review,≤100
104916968538177,TIS 이주공사,TIS VISA CORPORATION,≤100
201248453800242,My Pay My Say,Mackinac Center for Public Policy,≤100
110624565660992,ZOE International,ZOE International,≤100
19774119425,Habitat for Humanity,Habitat for Humanity International,≤100
203583423017526,National Immigration Law Center,National Immigration Law Center,≤100
112345611796763,Donald Trump Voters,I Love My Freedom,≤100
123460781200,Alon Ben-Meir,Alon Ben-Meir Inc,≤100
192738164073627,A Better Balance,A Better Balance,≤100
381280648241,Wake Forest Center for the Study of Capitalism,Wake Forest Center for the Study of Capitalism,≤100
101581329115492,Freedom Street,Michael Scott Hughes,≤100
115851611042,The Max Foundation,THE MAX FOUNDATION,≤100
523938087747648,Catapult,Catapult,≤100
91529332807,Congresswoman Chellie Pingree,Congresswoman Chellie Pingree,≤100
110170005258857,Klicked Digital,DeDonato Enterprises,≤100
1620937204819048,Wildlife Trafficking Alliance,American Association of Zoological Parks & Aquariums,≤100
1368147973239129,BadDaddy Publishing,"BadDaddy Publishing, LLC",≤100
111719535234054,The Devil's Presence - The Book,Pubvendo LLC,≤100
248389312777,AANA / American Association of Nurse Anesthesiology,American Association of Nurse Anesthetists,≤100
101466816025710,Renew Healthcare,Quantum Digital Media Inc.,≤100
250485248333218,Clean Air Task Force,CLEAN AIR TASK FORCE,≤100
30914589895,The International Fellowship of Christians and Jews,"INTERNATIONAL FELLOWSHIP OF CHRISTIANS & JEWS, INC.",≤100
67198072267,Michigan Capitol Confidential,Michigan Capitol Confidential,≤100
5878048748,GlobalGiving,"GLOBALGIVING FOUNDATION, INC.",≤100
85945492130,EnergyBoom,Energy Boom,≤100
114167895375664,Cherokee Nation,"CHEROKEE NATION, THE",≤100
475778355919914,BB - Best Bios,These ads ran without a disclaimer,≤100
104913132492367,Maureen Coffey,Friends of Maureen Coffey,≤100
20612127118,North Carolina Democratic Party,North Carolina Democratic Party,≤100
112153250928291,Sirena Audiobooks,These ads ran without a disclaimer,≤100
80824331898,Robert F. Kennedy Human Rights,Robert F. Kennedy Human Rights,≤100
102281724942742,Affordable Energy for New Jersey,Affordable Energy for New Jersey,≤100
162069790604,AARP Arizona,AARP,≤100
2831837216845452,"Derek Norton - Mayor, City of Smyrna",Derek Norton for Mayor,≤100
225879060980,Habitat for Horses,HABITAT FOR HORSES INC,≤100
105060269781,Premiere Collectibles,"Premiere Marketing, Inc.",≤100
101224002310757,Seven Weeks Coffee,Seven Weeks Coffee,≤100
124458223972837,Yes on AB838,Yes on AB838,≤100
102421369434228,Goose's News Daily,Justin Gustafson,≤100
366119653930669,"IMO Legal, LLC- US Immigration Attorney","IMO LEGAL, LLC",≤100
69051454832,Orthodox Christian Laity,ORTHODOX CHRISTIAN LAITY,≤100
109975571991244,Olivia for Metro Council At-Large,Olivia Hill for Nashville,≤100
106854664123649,Democrats of Iberia,David B Levy,≤100
137918019584028,Starfish Project,"STARFISH PROJECT, INCORPORATED",≤100
240425642652222,South Florida Wildlands Association,South Florida Wildlands Association,≤100
482869205100278,Neema Project,Neema Project,≤100
123097641881,Feminists for Life,FEMINISTS FOR LIFE OF AMERICA,≤100
425771317501061,Michael Knowles,The Daily Wire,≤100
40217893542,AIPAC,American Israel Public Affairs Committee,≤100
143063095713907,Hep,"CDM PUBLISHING, LLC",≤100
1359505927455440,Global Health NOW,Johns Hopkins Bloomberg School of Public Health,≤100
110162251288958,Rob Kovic for Assembly,Rob Kovic for Assembly,≤100
220538341415523,The Satanic Temple,The Satanic Temple,≤100
34631809525,PP Pennsylvania Advocates,Planned Parenthood Pennsylvania Advocates,≤100
106636928696502,John Massoud,MASSOUD FOR SENATE,≤100
113417653739985,New Jersey Division of Elections,New Jersey Department of State - Division of Elections,≤100
939142902771066,The American Leader,THE AMERICAN LEADER,≤100
109284291894484,American News Stories,Michael Scott Hughes,≤100
207985279219826,AARP Rhode Island,AARP,≤100
59572733353,GREY2K USA,GREY2K USA WORLDWIDE INC,≤100
104107455066450,Russell Cohen on moderation in public policy,Russell Cohen on moderation in public policy,≤100
151577215422581,Zioness Movement,"Zioness Movement, Inc.",≤100
108024335231493,Tower Climbers Union/CWA,"COMMUNICATIONS WORKERS OF AMERICA, AFL-CIO, CLC",≤100
104377518078467,More Perfect Union,MORE PERFECT UNION FOUNDATION,≤100
215479992305641,Becoming Young,Becoming Young,≤100
30618466815,Pacific Legal Foundation,Pacific Legal Foundation,≤100
315011462434889,Mike Testa,Testa for Senate,≤100
1898234727131235,Reel America,BizPac Review,≤100
107084502280437,CA Union Careers,Protect Our Construction Careers,≤100
110124925319299,Save Our Stoves,FLORIDA NATURAL GAS ASSOCIATION INC,≤100
105961875838244,Organic Clothing Co.,These ads ran without a disclaimer,≤100
107645227592678,To Which We Belong,Mystic Artists,≤100
102142101657930,OurFight.online,Our Fight Inc,≤100
420434558085636,D'iyanu,These ads ran without a disclaimer,≤100
100607179026941,Of Thee I Sing 1776,Harold Gershowitz,≤100
427656937297996,Diario Las Americas,LAS AMERICAS MULTIMEDIA GROUP LLC,≤100
100346704811820,repurpose_recycling,Repurpose Recycling,≤100
286487148036558,Rise for Animals,NEW ENGLAND ANTI VIVISECTION SOCIETY,≤100
101422986006149,Dyme.Earth,Dyme Digital Inc,≤100
112912573793125,Rise Up for Justice,Avrom L Altman,≤100
95001097200,National Association of Manufacturers,NATIONAL ASSOCIATION OF MANUFACTURERS OF THE UNITED STATES OF AMERICA INC.,≤100
111806955195299,Wendy Davis for Congress,WENDY DAVIS FOR CONGRESS,≤100
1444820465547227,Rank the Vote,Rank the Vote,≤100
142932506806,Texas Alliance for Life,"Texas Alliance for Life, Inc.",≤100
178602115837123,David Trone,DAVID TRONE FOR MARYLAND,≤100
109475211795252,Freedom From The Press,Michael Scott Hughes,≤100
161107820658032,La Red Hispana,"HISPANIC COMMUNICATIONS NETWORK, LLC",≤100
2168484930102843,EJ Moonshot,EJ Creations LLC,≤100
107414074990650,Defense of Freedom Institute,"Defense of Freedom Institute for Policy Studies, Inc.",≤100
502151103244047,Join RSO,RIVERSIDE COUNTY SHERIFFS DEP,≤100
142260190351,Comment Magazine,"Cardus, Inc.",≤100
186225971389257,Keeping the Kansas Promise,NATIONAL PUBLIC PENSION COALITION,≤100
404794256289847,Americans for Prosperity - West Virginia,AMERICANS FOR PROSPERITY,≤100
711909245654048,National Police Support Fund,National Police Support Fund,≤100
339432396135584,The Exodus Road,The Exodus Road,≤100
163302087408673,Stop The Donald,Stop the Donald,≤100
300476911222,Middlesex County Democratic Organization,Scott for Sheriff and Middlesex Dems 2022,≤100
210937299260017,USA Features Media,USA Features Media LLC,≤100
126305280752104,Slavic Gospel Association,These ads ran without a disclaimer,≤100
830162603716633,Andy Beshear,Andy Beshear for Governor,≤100
461530314600399,Common Sense American Politics,Common Sense American Politics,≤100
104660195062596,Gen Z Conservative,Michael Scott Hughes,≤100
1165122570296957,Phoenix Zones Initiative,Phoenix Zones Initiative,≤100
245711905631405,Jeff Jackson,JEFF JACKSON FOR CONGRESS,≤100
214061167976,El Tiempo Latino,MASTV EL PLANETA LLC,≤100
120778038066631,EveryLibrary,EveryLibrary,≤100
303374266418976,AFPM,American Fuel & Petrochemical Manufacturers,≤100
114118491567022,Janette Rios,These ads ran without a disclaimer,≤100
102596355656379,Red Wave News Updates,Michael Scott Hughes,≤100
84112077638,Greater Good Charities,GREATERGOOD.ORG,≤100
121750354532995,Yale Program on Climate Change Communication,Yale Program on Climate Change Communication,≤100
16477459734,League of Conservation Voters,"LEAGUE OF CONSERVATION VOTERS, INC",≤100
508244085895115,Lana Theis for State Senate,Committee to Elect Lana Theis,≤100
243498882520314,FoodFinder,"FOODFINDER, INC.",≤100
87777747127,Greg Palast,Palast Investigative Fund,≤100
50714237985,The Rutherford Institute,RUTHERFORD INSTITUTE,≤100
100637631678746,Conservative News Daily,Conservative News Daily,≤100
117507751891,United Poultry Concerns,"UNITED POULTRY CONCERNS, INC",≤100
108288858743920,Save More Waste Less,These ads ran without a disclaimer,≤100
160630887998827,Let Them Live,Oliver Harrison  Berning,≤100
1946103095604765,Melinda Katz,Katz NYS,≤100
110094158160834,The American Tribune,Michael Scott Hughes,≤100
148731991811588,Baird,Robert W. Baird & Co. Incorporated,≤100
109807943719796,Nothing Is Going To Get Better,Nothing Is Going To Get Better,≤100
1234910329902159,Elizabeth Guzman,Elizabeth Guzman for Virginia,≤100
110874682001264,The Choices Movement,Stephen Leon,≤100
381578445243960,Kristan Hawkins,"STUDENTS FOR LIFE OF AMERICA, INC.",≤100
146286985495008,code decoded,code...decoded,≤100
101769576791,Health Action Network,Health Action Network,≤100
137662367278,League of Women Voters of the US,LEAGUE OF WOMEN VOTERS OF THE UNITED STATES,≤100
105895331571733,Harriet shop,These ads ran without a disclaimer,≤100
113076673663317,Key Biscayne Independent,Miami Fourth Estate Inc,≤100
111101131335,Littleton Coin Company,These ads ran without a disclaimer,≤100
11006419356,The Voice of the Martyrs - USA,"VOICE OF THE MARTYRS, INC., THE",≤100
773432316041673,Calvary South Austin,Calvary South Austin,≤100
474227102732389,Turning Point Action,Turning Point Action,≤100
839158786226886,Two Party Opera,Brian Thomas Carroll,≤100
204232649417,The Coalition for Fair Employment in Construction,These ads ran without a disclaimer,≤100
108625789179165,Soi Dog Foundation,These ads ran without a disclaimer,≤100
19036504767,Center for Victims of Torture,"CENTER FOR VICTIMS OF TORTURE, THE",≤100
117295478031226,Divine Destiny,These ads ran without a disclaimer,≤100
15041226930,Oxfam,"OXFAM AMERICA, INC.",≤100
262610761306,Counterpoint Press,Counterpoint Press,≤100
83960796709,Institute for Southern Studies,INSTITUTE FOR SOUTHERN STUDIES INC,≤100
259212814698356,Democratic Majority for Israel,Democratic Majority for Israel,≤100
320823520454,Enough Is Enough,Enough is Enough,≤100
594519783957655,Citizens for National Security,Citizens For National Security,≤100
430869277025501,Dr. Nancy O'Reilly,"WOMEN CONNECT4GOOD, INC.",≤100
14893370225,Sustainable Harvest International,SUSTAINABLE HARVEST INTERNATIONAL,≤100
109750575098436,Yamaha Rightwaters,These ads ran without a disclaimer,≤100
28483858161,Texas Scorecard,ScorecardMedia,≤100
482148685166110,Retirement Housing Foundation,Retirement Housing Foundation,≤100
1353722684643583,EPF Media,EPF Media,≤100
46530484629,Idaho Conservation League,The Idaho Conservation League,≤100
170126260000702,Western Journal US News,The Western Journal,≤100
90022052772,Williams,"WILLIAMS COMPANIES, INC., THE",≤100
63240625785,National Immigration Forum,NATIONAL IMMIGRATION FORUM,≤100
1666922183524165,ReThink Energy NJ,ReThink Energy NJ,≤100
30079936984,CWS,"CHURCH WORLD SERVICE, INC.",≤100
311536622860495,SoCal Daily Pulse,SoCal Daily Pulse,≤100
106524405582141,Settle In for Ukrainians,INTERNATIONAL RESCUE COMMITTEE INC,≤100
114438244975794,AM1.NEWS,America First News,≤100
104521238896557,June Marie Paintings,June-Marie Paintings,≤100
105759761047954,Capitol Ballroom Council,Kenya Anthony Hutton,≤100
127172090298842,Greg Baka for Supervisor,Greg Baka For Supervisor,≤100
193775674023153,Jeff Leach,Jeff Leach Campaign,≤100
87377228013,Side with Love,UNITARIAN UNIVERSALIST ASSOCIATION,≤100
196169457082776,The National Spiritual Alliance,These ads ran without a disclaimer,≤100
106095601125529,"Reaching Everyone In Distress Foundation, Inc.",Reaching Everyone in Distress Foundation Inc.,≤100
96315553086,Crop Insurance Keeps America Growing,Crop Insurance Keeps America Growing,≤100
349528025129958,"Brevard County Sheriff's Office, Florida (Official)",Robert Wayne Ivey,≤100
1832888600167903,JD for Arlington,JD for Arlington,≤100
291102898490822,Conservative Comedy Store,Conservative Comedy Store,≤100
103747761393271,Lootpress,Lootpress,≤100
941593962677066,Stella Pekarsky,Friends of Stella G Pekarsky,≤100
104681138248125,Tiny Revival Clothing Co.,Tiny Revival Clothing Co.,≤100
9012050691,Scribol,These ads ran without a disclaimer,≤100
114440734963600,Reel Tucker,BizPac Review,≤100
11029708945,World Politics Review,WORLD POLITICS REVIEW LLC,≤100
107936991746783,A Common Sense America,Common Sense America Inc,≤100
65538457518,The Village Square,TO THE VILLAGE SQUARE INC,≤100
120969014293326,Elect Wade Choate,Wade Allen Choate,≤100
1406149713044974,Intellectual Judaism,Intellectual Judaism,≤100
128288676833,Rocky Mountain Elk Foundation,"ROCKY MOUNTAIN ELK FOUNDATION, INC.",≤100
127691390582,PHI,"PARAPROFESSIONAL HEALTHCARE INSTITUTE, INC.",≤100
103433804692809,Law Offices of James S. Hong & Associates,Law Offices of James S. Hong,≤100
480278498670815,Danimer Scientific,Danimer Scientific,≤100
101564054951838,We The Forest,We The Forest,≤100
106124975682358,Jimmy Fondren for Mississippi House District 111,Committee To Elect Jimmy Fondren,≤100
111027456985128,Lavinia Goodell,Nancy A Kopp,≤100
208551063368,Dominican Friars of the Province of Saint Joseph,DOMINICAN FOUNDATION,≤100
1720878078241107,Conservative Move,Conservative Move,≤100
291391758252756,Wyoming Coalition for a Healthy Retirement,NATIONAL PUBLIC PENSION COALITION,≤100
341513602902369,CALL TO ACTIVISM,CALL TO ACTIVISM,≤100
1015449978587077,Alliance for Youth Action,Alliance for Youth Action,≤100
109366181861530,President Trump is My Wingman,Michael Scott Hughes,≤100
10683277758,Exodus Cry,These ads ran without a disclaimer,≤100
1832245947018802,Chris Rose for US Senate - WV,ROSE FOR WEST VIRGINIA,≤100
165674110118949,Clearing out the Clutter,Colin David Moore,≤100
312087222175938,Southeast Texas Record,The Record,≤100
255633930039,Americans for Prosperity - North Carolina,AMERICANS FOR PROSPERITY,≤100
2259323457517498,Abolish the Electoral College,Abolish the Electoral College,≤100
103108162372890,Coign,These ads ran without a disclaimer,≤100
599745014020673,Temia Brinson - Mindset For Success,Mindset For Success,≤100
129064750465027,Women's Earth Alliance,Earth Island Institute,≤100
452797224923658,The Democratic Coalition,THE DEMOCRATIC COALITION,≤100
102286035642350,Patriots for USA,USA Features Media LLC,≤100
100158948453494,Lars for President,LARS MAPSTEAD FOR PRESIDENT,≤100
338218229911752,Integrity First PAC,INTEGRITY FIRST PAC,≤100
360277610554,Planned Parenthood Action Fund of New Jersey,Planned Parenthood Action Fund of New Jersey,≤100
172783160290727,New Civil Liberties Alliance,These ads ran without a disclaimer,≤100
143784945647421,Death with Dignity,DEATH WITH DIGNITY NATIONAL CENTER,≤100
103277109172874,The Original Lou's News,Michael Scott Hughes,≤100
43853729859,Campaigns & Elections,Political World Communications,≤100
101792052710029,Wear Right Messaging,Wear Right Messaging LLC,≤100
249467225254927,The Love > hate Project,LOVE GREATER THAN HATE PROJECT,≤100
282678798501046,"City of Lancaster, PA","LANCASTER, CITY OF",≤100
100718576155928,Conscious Money Enterprises LLC,Dontie Mitchell,≤100
103869749292533,"Gopal, Donlon & Peterpaul for LD11",GOPAL DONLON AND PETERPAUL FOR LD11,≤100
35335786143,Cat Electric Power,Cat Electric Power,≤100
135308650091,Community Service Society of New York,COMMUNITY SERVICE SOCIETY OF NEW YORK,≤100
328042268580226,Stories of Antisemitism,Stories Of Antisemitism,≤100
513785465632396,Airline Passengers for Justice,Airline Passengers for Justice,≤100
273546779885377,The Gallant Pelham,"delupton, LLC",≤100
1449942075261716,Alex Q. Askew,Friends of Alex Askew,≤100
383095491885484,Vice Mayor Anna Hochkammer,Vice Mayor Anna Hochkammer,≤100
109597738800450,Invest in Clean Air,Invest in Clean Air,≤100
105646628242035,Money Sense,These ads ran without a disclaimer,≤100
51533142540,Public Advocate of the U.S.,PUBLIC ADVOCATE OF THE US,≤100
131618273567984,Jeff Landry,Landry for Louisiana,≤100
836826976517252,International Christian Embassy Jerusalem - USA,"International Christian Embassy Jerusalem - USA, Inc.",≤100
723394465079640,The Lion,Stanley M. Herzog Charitable Foundation,≤100
82223469060,ACN - Aid to the Church in Need,"AID TO THE CHURCH IN NEED, INC.",≤100
1804156426550062,Tim Kennedy for Senate,KENNEDY FOR SENATE,≤100
300748678230,Tennessee Department of Economic and Community Development,Tennessee Department of Economic and Community Development,≤100
101754019446990,From the Big House to Your House,Catherine Esther Marinello,≤100
103592378623592,Truth Over Tribe,Truth Over Tribe,≤100
632148123662174,Vineland City,City of Vineland,≤100
103929304678916,Voter Action Project,Integrity First Voter Action Project,≤100
101586078357081,Peter Demos,Peter Demos,≤100
140155342671005,Sempervirens Fund,SEMPERVIRENS FUND,≤100
103039402794927,kimberlyseabroo,These ads ran without a disclaimer,≤100
399060493533519,The Justice Foundation,JUSTICE FOUNDATION,≤100
1042560925858683,John Kelly,John Alexander Kelly,≤100
123977380994636,Frank Williams,Frank Williams Committee,≤100
111904024679959,Bold Majority,BOLD MAJORITY PAC,≤100
1663301430650007,Michael Kimelman,"Dekryption, LLC",≤100
110010433804232,Standing For Freedom Center,Standing for Freedom Center,≤100
107409909326665,Stephen Wise Free Synagogue,"WISE, STEPHEN FREE SYNAGOGUE",≤100
106834545428519,Matt Wiltshire for Mayor,Matt for Mayor,≤100
109465560444254,Roce Today,I-ROCE LLC,≤100
101810652152706,Ship It Zero,PACIFIC ENVIRONMENT AND RESOURCES CENTER,≤100
555542987983302,Rank the Vote Oklahoma,Rank the Vote Oklahoma,≤100
105652832443066,Carbon Titans,CARBON TITANS LLC,≤100
111840445155217,Joel Griffin,Joel Griffin for Virginia,≤100
490349377808038,State Representative Justin Holland,Justin Holland Campaign,≤100
105334892381660,AmericanTowns Politics,AMERICAN TOWNS,≤100
189764987822613,Arcane Treasures Antique Store WWII Items And Other Oddities,Christopher Jarom Vitrano,≤100
169354336460345,Allen County Children Services,Allen County Children Services,≤100
182034571982073,Dade Phelan,Texans for Dade,≤100
217187838327836,The Story Exchange,The Story Exchange Foundation,≤100
101204378825808,Fight the Right,FIGHT THE RIGHT PAC,≤100
270826723039149,The Coalition to Protect Americas National Parks,"COALITION OF NATIONAL PARK SERVICE RETIREES, INC.",≤100
133764907211570,Concerned Citizen,Concerned Citizen,≤100
100416560012896,Friends of the Everglades,FRIENDS OF THE EVERGLADES INC,≤100
179336982603018,Stranger Than Life,These ads ran without a disclaimer,≤100
110946748077747,dr.k.ashphilly,These ads ran without a disclaimer,≤100
254943996005,Catholic Answers,"CATHOLIC ANSWERS, INC.",≤100
103852602632944,Elect Shelli Treely for Mishawaka Common Council - 4th District,Elect Shelli Treely for Mishawaka Common Council - 4th District,≤100
7357041101,Tammy Baldwin,TAMMY BALDWIN FOR SENATE,≤100
279799525443906,HELPS Nonprofit,HELPS Nonprofit Law Firm,≤100
108703294887683,The Recycled Rubber Coalition,Kenneth Stratton Kirton,≤100
108662425498649,Michael McCormick,Michael Robert Mccormick,≤100
53178635562,Third Way,THIRD WAY,≤100
604895529530222,"City of Victoria, Texas - Government",City of Victoria,≤100
100318731865940,Motor Searches,These ads ran without a disclaimer,≤100
473132993026649,Bunny.Style,These ads ran without a disclaimer,≤100
1263024850527632,Welcome to the Jungle,These ads ran without a disclaimer,≤100