Page ID,Page name,Disclaimer,Amount spent (INR)
486980998032652,BJP Karnataka,Bharatiya Janata Party (BJP),183845
123405501008524,Mercedes-Benz India,Mercedes-Benz India,24463
404746486258732,Project Nanhi Kali,Project Nanhi Kali,7875
113125761613615,Namma CM Bommai,Recro Media,7685
100626912687369,Kai Yerisi Karunadigagi - ಕೈ ಏರಿಸಿ ಕರುನಾಡಿಗಾಗಿ,Kai Yerisi  Karunadigagi,4775
689941247806927,Dr. Murugesh R Nirani,Karnataka Social Media,4336
1925563641096276,S T Somashekar,S T Somashekar,3928
247698975430137,Basava Nadina Bhagiratha,Venkataramappa Ramesh,3913
107271911924310,PO Shivakumar,Venkatesh Hari Krishna,3752
438732172878624,Aravind Limbavali,Aravind Limbavali,3667
861477354024937,Darshan Puttannaiah,Darshan Puttannaiah,3653
101730022772513,Dhananjaya Gangadharaiah,Dhananjaya Gangadharaiah,3645
104878157547649,H Nagesh,Hk Ramesh,3629
173132270075189,Dr. S Shivaraj Patil,Dr. S Shivaraj Patil,3499
113465861643099,Nanjangud BJP,Vinay Simha Krishna,3439
103812439247204,Keshava Rajanna B Fanpage,Abishek Nb,3136
107395897271506,Kutumb,Swatantra Verma,3096
106250252388635,Tippu Huli - ಟಿಪ್ಪು ಹುಲಿ,Tippu Huli - ಟಿಪ್ಪು ಹುಲಿ,3059
206810882806875,Samvada ಸಂವಾದ,Samvada ಸಂವಾದ,2997
1762674497304794,R V Deshpande,R V Deshpande,2959
107533605102536,Panchanagouda Dyamanagoudar Official,Panchanagouda Dyamanagoudar Official,2476
105171702497151,Hunsur Facts / ಹುಣಸೂರಿನ ಸಂಗತಿಗಳು.,Hunsur Facts / ಹುಣಸೂರಿನ ಸಂಗತಿಗಳು.,2448
114272033623338,Byrathi Suresh,Byrathi Suresh,2285
100907784722781,QR 678,QR 678,2273
383190408775460,K. C. Veerendra Puppy,Sai Kiran,2258
383190408775460,K. C. Veerendra Puppy,Basavachetan,2253
102099855874205,40% Sarkara - 40% ಸರ್ಕಾರ,40percentsarkara,2141
109409171923062,ಸ್ಕ್ಯಾಮ್ ರಾಮಯ್ಯ,ಸ್ಕ್ಯಾಮ್ ರಾಮಯ್ಯ,2128
104830828593863,ಮುರುಗೇಶ್ ನಿರಾಣಿ ಅಭಿಮಾನಿ ಬಳಗ,ಮುರುಗೇಶ್ ನಿರಾಣಿ ಅಭಿಮಾನಿ ಬಳಗ,2013
291419550990676,Krishna Byre Gowda,Bhushann,1949
105352585115651,H P Manjunath MLA,H P Manjunath MLA,1900
330760810293224,HelpAge India,HelpAge India,1889
103086641366296,We Support Shri V Somanna,Sai Kiran,1850
108410747409311,Vivek Raj,Vivek Raj,1804
100593012792684,Keerthan Kumar,Keerthan Kumar,1804
1422722534642965,B Suresh Gowda,Click Digital Marketing Services,1783
1826491730900559,Keshava Rajanna B,Abishek Nb,1670
683396311762727,Manappa Vajjal,Manappa Vajjal,1656
104593401952287,Anupkumar Bijawad,Anupkumar Bijawad,1645
103782051383159,School of Politics,School of Politics,1529
332868817459641,Arvind Limbavali fans,Arvind Limbavali fans,1328
102386805186305,ಎಸ್ ಆರ್ ನವಲಿಹಿರೇಮಠ ಅಭಿಮಾನಿ ಬಳಗ ಹುನಗುಂದ,Praveen Mruthunjayya Torgalmath,1287
447540119348781,Gali Somasekhara Reddy,Venkatesh Hari Krishna,1264
103524892661847,Padmaraj,Suchan Shetty,1262
114233898263244,Indian Compass Videos,theindiancompass.com,1245
912096938897209,Vijay Singh,Vijay Singh,1212
100855212912542,Hunsur ulisi manjanna gellisi / ಹುಣಸೂರು ಉಳಿಸಿ ಮಂಜಣ್ಣ ಗೆಲ್ಲಿಸಿ,Hunsur ulisi manjanna gellisi / ಹುಣಸೂರು ಉಳಿಸಿ ಮಂಜಣ್ಣ ಗೆಲ್ಲಿಸಿ,1210
531897070196882,MLC Puttanna,Sai Kiran,1204
756824464358589,Mithun Rai,Mithun Rai,1189
112052785163226,Shankaragouda A Patil,Naveen N M,1189
103440689219233,Gurupadagouda Patil,Gurupadagouda Sanganagouda,1088
531897070196882,MLC Puttanna,Basavachetan,1085
240046059729273,,Basavachetan,1069
1418673848396428,H D Kumaraswamy,Pancharatnayojane,1067
110641098611614,Ambedkar balaga / ಅಂಬೇಡ್ಕರ್ ಬಳಗ,Ambedkar balaga / ಅಂಬೇಡ್ಕರ್ ಬಳಗ,1049
107039538786110,Shivakanth Mahajan,Shivakanth Mahajan,1044
101677699520921,ವೀರಶೈವ ಲಿಂಗಾಯಿತ ಬ್ರಿಗೇಡ್ / Veerashaiva Lingayat Brigade,ವೀರಶೈವ ಲಿಂಗಾಯಿತ ಬ್ರಿಗೇಡ್ / Veerashaiva Lingayat Brigade,1037
1752574838300385,V Somanna,Sai Kiran,1000
217033208370813,Sree Ramaseva Mandali-B'lore,Sree Ramaseva Mandali-B'lore,962
115697248100687,Okkaligarē maṇṇina makkaḷu / ಒಕ್ಕಲಿಗರೇ ಮಣ್ಣಿನ ಮಕ್ಕಳು,Okkaligarē maṇṇina makkaḷu / ಒಕ್ಕಲಿಗರೇ ಮಣ್ಣಿನ ಮಕ್ಕಳು,962
101627322876537,Kranthiveera kurubaru / ಕ್ರಾಂತಿವೀರ ಕುರುಬರು,Swathi D Nayak,955
113007061680460,Mane maga manjanna / ಮನೆ ಮಗ ಮಂಜಣ್ಣ,Mane maga manjanna / ಮನೆ ಮಗ ಮಂಜಣ್ಣ,948
468618699957192,S R Patil - Shivanagouda R Patil,Tejraj Patil,937
639694792790462,Umesh Shetty,Karnataka Times,931
545168122343271,S Muniraju,S Sendil Kumar,900
104888181587151,CV Chandrashekar,CV Chandrashekar,879
476623509093274,Rajesh Naik U,Rajesh Naik,837
276965539334955,Sowmya Reddy MLA Jayanagara,Muthanallur Gopalaiah Sudharshan Reddy,802
240744816065784,Arvind Bellad,Sai Kiran,797
107976790549216,BG Ajay Kumar,Ajayakumar Bg,775
103778385947839,My first Vote to Manjanna / ಮಂಜಣ್ಣನಿಗೆ ನನ್ನ ಮೊದಲ ಮತ.,My first Vote to Manjanna / ಮಂಜಣ್ಣನಿಗೆ ನನ್ನ ಮೊದಲ ಮತ.,748
324727347963975,Siddiq Ankalgi,Siddiq Shamshulhaq Ankalgi,748
111849175115505,,S Sendil Kumar,744
101992952811921,,Vinay Simha Krishna,714
326102339565,Oxfam India,Oxfam India,703
225469604484322,"GI Tagged - Geographical Indications, India",GiTAGGED,701
117220534589792,Hunsur abhivrudhige namma manjanna / ಹುಣಸೂರು ಅಭಿವೃದ್ಧಿಗೆ ನಮ್ಮ ಮಂಜಣ್ಣ,Hunsur abhivrudhige namma manjanna / ಹುಣಸೂರು ಅಭಿವೃದ್ಧಿಗೆ ನಮ್ಮ ಮಂಜಣ್ಣ,680
369780283211302,Dr. Sudhakar K,Dr. Sudhakar K,676
114552704834271,Hullalli Suresh Balaga - ಹುಲ್ಲಳ್ಳಿ ಸುರೇಶ್ ಬಳಗ,Sai Kiran,675
448753815559494,K N Chakrapani,Kodigehalli Nanjundappa Chakrapani,671
100866222545418,Sridhar Gowda,Sourabh Tirpude,661
113249264989229,Youth icon Manjanna / ಯೂತ್ ಐಕಾನ್ ಮಂಜಣ್ಣ.,Youth icon Manjanna / ಯೂತ್ ಐಕಾನ್ ಮಂಜಣ್ಣ.,613
161234301090409,K Shivaramu,Right Media Tech,568
670321879700525,Swarajya,Swarajya,543
113704847023806,A.S Ponnanna,Artallur Technologies India LLP,515
367432803594902,Suresh Gowda MLA,Suresh Gowda MLA,504
1745999979044838,Eshwar Khandre,M Ramyalakshmi,491
105929315782844,Niranjan Udaysingh Sardesai - निरंजन उदयसिंह सरदेसाई,Mahesh Mahipati Patil,480
571167629925037,Ravi Boseraju,Somchandra Penumatcha,479
615406458624175,Duroflex,Duroflex Pvt Ltd,475
1438724319681116,DK Shivakumar,DesignBoxed,469
128968871016672,Shakunthala T Shetty,Shakunthala T Shetty,466
125158001677645,Mallikarjun S Khuba,Maallikarjun S Khuba,458
102321511976541,T Konappa Reddy,T Konappa Reddy,444
271925582604,Citizens For Justice and Peace,Citizens for Justice and Peace,442
449378495112356,Swades Foundation,Swades Foundation,402
116006448044854,Manjanna for Minister / ಮಂಜಣ್ಣ ಫಾರ್ ಮಿನಿಸ್ಟರ್,Manjanna for Minister / ಮಂಜಣ್ಣ ಫಾರ್ ಮಿನಿಸ್ಟರ್,395
110822698568361,Sneha jeevi manjanna / ಸ್ನೇಹ ಜೀವಿ ಮಂಜಣ್ಣ,Sneha jeevi manjanna / ಸ್ನೇಹ ಜೀವಿ ಮಂಜಣ್ಣ,392
104997724504789,K Mahadev,K Mahadeva,392
542975576226588,My Leaders,MYLEADERS TECHNOLOGIES,382
285029500623,CARE India,CARE India,377
102793528953730,ಪ್ರಭಾಕರ ಚಿಣಿ - Prabhakar Chini,Prabhakar H Chini,372
107325491010309,Dr Rajesh Nerli,Prasad Pachandi,353
103357492023752,Muralidhar Patil,Muralidhar Patil,348
107663785351084,Nimma Siddhu Patil-Tegnur   ನಿಮ್ಮ ಸಿದ್ದು ಪಾಟೀಲ್- ತೆಗ್ನೂರು,Nimma Siddhu Patil-Tegnur   ನಿಮ್ಮ ಸಿದ್ದು ಪಾಟೀಲ್- ತೆಗ್ನೂರು,339
108368481299858,Karnataka Times,Sai Kiran,326
108239700872557,R L shivapraksh fans club,Sumit Kumar,323
119434281453609,ABB,Weber Shandwick,317
118486457802712,Hemagirish Havinal,Giridhar Hiremath,314
108401822051807,Rudraiah R official lingasugur - ರುದ್ರಯ್ಯ ಆರ್ ಲಿಂಗಸುಗೂರು,Rudraiah R official lingasugur - ರುದ್ರಯ್ಯ ಆರ್ ಲಿಂಗಸುಗೂರು,313
107663785351084,Nimma Siddhu Patil-Tegnur   ನಿಮ್ಮ ಸಿದ್ದು ಪಾಟೀಲ್- ತೆಗ್ನೂರು,Siddharam Apparao Patil,306
104819985853284,V6 Digital News,V6 Digital News,305
104594334484048,Rajat Ullagaddimath,Gundala Rahul,294
103904879318400,,Julia,285
115630731476834,Noorahmmad Mulla AAP,Noorahmmad Kutubuddin Mulla,280
107489818468771,Prasad Gowda T R,Tr Prasad,268
213774732710975,Krishna Iliger,Krishna Iliger,263
102747001203727,Mahesh Kumathalli,Prasad Pachandi,261
556794794409307,Sapthagiri Gowda,Shankargouda Biradar,240
132689140088396,smilefoundation,Smile Foundation,238
201297423396745,Rajendra Agarwal,Ishan Agarwal,234
106863140858330,Munendra kumar,Eshwar Deepak,234
444000972398140,Dr. Ajay Dharam Singh,Ramkishan Singh Maninder Singh,231
109028565442175,Chandagalu N Shivanna,Dinesh M,230
111132015103321,K R Sridhara Reddy,K R Sridhara Reddy,228
104736419210593,PACE INDIA,PACE - PET PACKAGING ASSOCIATION FOR CLEAN ENVIRONMENT,227
112049938397383,BJP Athani,Prasad Pachandi,225
1644165492504830,Ramoji Gowda,Ramoji Gowda,224
524665794408050,CASA,Arushi Narchal,223
750867108394533,B R Patil,Krologix Technologies Pvt. Ltd,221
111625317182506,Inayat Ali,DesignBoxed,214
104516512296314,Kartikeya Sharma,Kartikeya Sharma,209
103298848218762,Prakash Nedungadi,Prakash Pitamber Nedungadi,209
107346965387411,Karnataka Direct,Mahendra Singh Thakuri,205
105075478166305,Karnataka News,Mahendra Singh Thakuri,204
103773572243757,Karnataka ClipDoor,Mahendra Singh Thakuri,204
103393208714092,Karnataka Daily,Mahendra Singh Thakuri,204
110083878003910,Karnataka First,Mahendra Singh Thakuri,203
106606755536103,Doddanagouda H Patil,Doddanagouda H Patil,203
107275334785456,VenkatReddy Mudnal ವೆಂಕಟರೆಡ್ಡಿ ಮುದ್ನಾಳ,VenkatReddy Mudnal ವೆಂಕಟರೆಡ್ಡಿ ಮುದ್ನಾಳ,203
116629261046422,BJP Karnataka,Mahendra Singh Thakuri,203
1726206627468054,A S Patil Nadahalli,K Manjunatha,203
101524381784280,Daily Kannada,Mahendra Singh Thakuri,203
110844438355805,Karnataka Samachara,Mahendra Singh Thakuri,202
102983436060412,Dr. Basavaraj B - BJP Siruguppa Leader,B Basavaraj,201
106354591883111,Karnataka Chronicle,Mahendra Singh Thakuri,201
102861114956951,Karnataka Astrology,Mahendra Singh Thakuri,200
107436464929395,Karnataka Voice,Mahendra Singh Thakuri,200
104234408300245,Karnataka Suddi,Mahendra Singh Thakuri,199
106942281023549,Vinay Vilas Kadam,Vaibhav Vilas Kadam,198
285403455681355,Railway Children India,Railway Children India,189
102123079337554,International Society for Krishna Consciousness,ISKCON Delhi,188
169431409884839,Srinivas Gowda Hanumaiah,Digiants,186
109682428715054,Nimma_bspatil,Steephan,179
111419338439620,Congress Mukt BTM,Congress Mukt BTM,179
165479770716302,N.H.Konaraddi,M Ramyalakshmi,177
103978051023455,Hunsur Manjanna fans,Hunsur Manjanna fans,176
114563001560159,Ravi Dandin,Sanketh Dandin,176
105629428970283,Raija Solar,Raija Solar,175
148010855792512,HK Suresh,Sai Kiran,170
103818271891985,Taj khan Social Activist,Taj Khan,160
107554500949070,Ferro,These ads ran without a disclaimer,157
117276964607765,S B Ghatage,S B Ghatage,155
100328978216424,"Fight Pollution, Not Plastics",Nitesh Singh,154
187676248496384,Prithvi Reddy,Prithvi Reddy,152
519296628180189,K. Manik Rao,Mithun Raj Koninty,151
100901499046231,Youth For Politics,Youth For Politics,149
110767194441101,Sandalwood Express,Mahendra Singh Thakuri,146
114376454921505,Shakku Akka For Puttur,Vinay Raveendra Wandakar,142
318205675275285,APL Apollo Tubes Limited,APL Apollo Tubes,138
103467552157561,Vastava,Mahendra Singh Thakuri,135
100735178208398,Udyami India,Samadhan Samiti,135
100406838759461,Karnataka BJP Balaga,Sai Kiran,134
110720821615642,Karnataka Trends,Mahendra Singh Thakuri,133
102304472509923,Karnataka Modi Balaga,Sai Kiran,132
109687008474078,Karnataka Nudi,Sai Kiran,131
101825415810369,Karnataka Beats,Sai Kiran,130
110569254991159,Karnataka BJP Supporters,Sai Kiran,130
111176467259822,Karnataka Hindus,Sai Kiran,128
108799138138992,Karnataka Express,Sai Kiran,128
108067815362483,Karnataka Modi Supporters,Sai Kiran,128
111685514941110,Karnataka Masala,Sai Kiran,127
111201227111526,Karnataka Mitra,Sai Kiran,127
118227367824577,Garuda Aerospace Pvt Ltd,Garuda Aerospace Pvt Ltd,126
696662543693222,Manjunath Rajajinagar,Manjunatha,117
354391971563315,Aishwarya Pissay,These ads ran without a disclaimer,113
113102191724630,H.S. Shivakumar,Digi-Ants Digital World,110
811330598995413,Jagadeesh Gudagunti,Kice Media,106
421458761569191,K V Naveen Kiran,C Vishwanath Manjunath,105
115411508136148,Anand Bhat,Manoj Bhat,103
100549119644561,Jo Ram Ko Laye Hain Hum Unko Layenge 2024,Abinash Moharana,103
105340111975765,Shrimant Patil,Shrimant Patil,102
100763266293672,Team K Shivaramu,RMT,101
1528166434074762,Ashok Kumar Rai Kodimbady,Saragur Ramesh Venugopal,≤100
333426070147135,Benny Kuriakose Associates,Benny Kuriakose Associates,≤100
246355112667671,डॉ. अजय ढ़िल,Ajay Kumar,≤100
640369399392914,Baijayant 'Jay' Panda,Baijayant Panda,≤100
165714096933078,Piyush Goyal,Piyush Goyal,≤100
1568965503322927,Aacharya Vijay RatnaSunder Surishwarji,Aacharya Vijay RatnaSunder Surishwarji,≤100
295639383836442,Agewell Foundation,Aanchal Gupta,≤100
104490652376878,Vijay kumar kalyan matka,Vijaya Kumar,≤100
176089986348646,B G Govindappa,K Manjunatha,≤100
1623225687796057,Pradeep Vatade,Pradeep Vatade,≤100
100409492602935,Dr Rajanandini Kagodu,K Manjunatha,≤100
102299372829238,,Vinay Raveendra Wandakar,≤100
105671775473178,Jan Suraaj,Jan Suraaj,≤100
103488114954871,M G Rangadhamaiah ಎಂ ಜಿ ರಂಗಧಾಮಯ್ಯ,M G Rangadhamaiah ಎಂ ಜಿ ರಂಗಧಾಮಯ್ಯ,≤100
100998455540553,Satnam Singh Sandhu,Parveen Kumar,≤100
764169903692675,Randeep Singh Surjewala,Rajender Kumar,≤100
112160568158888,ಕೋನಪ್ಪ ರೆಡ್ಡಿ ಅಭಿಮಾನಿಗಳ ಸಂಘ,Venkatesh Hari Krishna,≤100
393768164105774,Parimal Nathwani,Parimal Nathwani,≤100
107468028636013,Sogadu Shivanna,Manjunath Hiremath,≤100
522250264487836,K.B Prasanna Kumar,Avinash Nompi P,≤100
112254203542311,Dr Kemparaju K Gauribidanuru Constituency,Ms Sanketh,≤100
315543515306,Jing Daily,These ads ran without a disclaimer,≤100
106126212227764,P Mudar Loan,Mukeshbhai Samatbhai Rathod,≤100
105418242236306,ನವಲಗುಂದ ಅಭಿವೃದ್ಧಿಗಾಗಿ ಶ್ರೀ ವಿನೋದ್ ಅಸೋಟಿ,Akshay Balakrishna Habib,≤100
116383754696955,Antardhwani - The Inner Voice,Antardhwani,≤100
112971718412210,Aam Aadmi Party - Kadur,Mohammed Safi,≤100
104247095949918,K B Ashoka Naik,Digi-Ants Digital World,≤100
584593654939786,ET Edge,These ads ran without a disclaimer,≤100
102218576103904,Badlaav ki Aandhi Priyanka Gandhi,Badlaav Ki Aandhi Priyanka Gandhi,≤100
279086600594686,Janata Dal Secular - Devanahalli,Janata Dal Secular - Devanahalli,≤100
108531050841926,Shanu Yadav,Shanu Yadav,≤100
603896406426611,Charan Koushik yadav,Charan Koushik yadav,≤100
102817809133128,shamaprasada_guruji_,These ads ran without a disclaimer,≤100
797927846899300,Flag Foundation of India,Flag Foundation of India,≤100
122131984855152,Dr. Debraj Shome,Dr. Debraj Shome,≤100
110132941851275,Anjinappa puttu for SDL,Sagar,≤100
301902473766068,முதல்வன் OPS,முதல்வன் OPS,≤100
101648924669406,Atheeq ahamed Fan's Club,Webiz Technical,≤100
104394869237035,Gali Lakshmi Aruna,Gali Lakshmi Aruna,≤100
1305477266244063,A.Muneer jansale,Abdul Muneer,≤100
105234459127980,Women Climate Collective,Women Climate Collective,≤100
1738702909766330,Basavaraj  Mattimadu,Nataraja,≤100
276512419511205,Kathi Karthika,Policy Briefcase,≤100
642996226201566,Sudhakar Shrangare,Aslam Afroz Kazi,≤100
108080828884036,Gehlot Phir Se,DesignBoxed,≤100
2238940452991193,Santosh Pandey,Kunal Jitendra Ajmera,≤100
544721985576852,"Tourism Department, Government of West Bengal",Digital Abhiyan,≤100
106002969526358,Indian Media Book,These ads ran without a disclaimer,≤100
109986065209042,Mera Apna Rahul,MeraApnaRahul,≤100
100744748830009,Balraj A Guttedar,Balraj A Guttedar,≤100
101032458576250,जनक आयुर्वेदा,Manisha,≤100
111273695133467,Pradeep M Kumar,Pradeep M Kumar,≤100
107183428120144,Dr C Saraswathi,Dr. C. Saraswathi,≤100
104908641373434,Anukriti Gusain Rawat,Anukriti Gusain,≤100
224618077692752,Sanjay Tandon,Saraansh Tandon,≤100
148415565260574,Schneider Electric,These ads ran without a disclaimer,≤100
1571167366231304,Ramakant Bhargava,Saket Bhargava,≤100
101713962007976,Amrit Mahotsav,Amrit Mahotsav,≤100
959860307481002,Kasu Mahesh Reddy,Thulasiram Banduchode,≤100
112475780481777,Bahadur Singh Chouhan,Manoj,≤100
605390272841833,Shrirang Appa Barne,Abhay Balu Ahire,≤100
102466454588593,Suman TV News Telugu,PlayEven Info Pvt Ltd,≤100
271711770069401,सुरेश धाकड़ राठखेड़ा,Gajendra Verma,≤100
233346983495637,Maitreya Dadashreeji - Divine Friend,These ads ran without a disclaimer,≤100
321849925071414,Dr. Parthasarathi,P V Parthasarathi,≤100
1438456776367067,OVUM Hospitals,These ads ran without a disclaimer,≤100
115408798095287,Mudra loan,These ads ran without a disclaimer,≤100
110234802005624,रामसेवक गोपालगढ़,Praduman Meena,≤100
408255699307921,Dr. Manoj Rajoria,Saurabh Saini,≤100
100475508592062,Sitaram Poswal,Bhagatsingh,≤100
746568209028564,Dr. Basu Eye Hospital,Dr. Basu Eye Hospital,≤100
104000639186504,Vivek Subba Reddy for Jayanagara,Vivek Subba Reddy for Jayanagara,≤100
1675237799375590,Chandra Mohan Patowary,Jitendra Newatia,≤100
113858681342028,Dr. Anjali Yadav,Shiv Charan,≤100
110115671863420,Kacche Din,Kacche Din,≤100
282198256011533,PM Narendra Swamy,PM Narendra Swamy,≤100
210251616112761,India Development Review,India Development Review,≤100
170484126349815,Indian Cancer Society,Indian Cancer Society,≤100
116188663565362,Kapil Dua,Subhasini Singh,≤100
102629769295273,Rahul Dongle,Rahul Dongle,≤100
155418314920954,Orchid HRD Trainings भाषणकला व राजकीय नेतृत्व कौशल्य प्रशिक्षण,Ganesh Subhashrao Lomte,≤100
120585934317301,,Suryanetram,≤100
101883268426116,Kotla Kiran Kumar Reddy,Gogireddy Sai Vaibhav Reddy,≤100
107160047540512,CareMedico,CareMedico Medtech Private Limited,≤100
102106021886833,A K Sharma,Harish Sahrawat,≤100
1489647731256741,Dr Jitendra Singh,Ayush Deshpande,≤100
367693910079524,Mohit Jaswant Yadav Page,Mohit Yadav,≤100
243524299157863,Pushkar Singh Dhami,Pushkar Singh Dhami,≤100
313837766031848,Kuldeep Dhankar,Rahul Singh,≤100
109034074092751,Rakesh dayma alote,Rakesh dayma alote,≤100
114988526601933,Subhashini Sharad Yadav,Rajkamal Rao,≤100
353486465089235,Jithin Kumar Bellandur ward Aspirant,Jithin Kumar Somaraj,≤100
1667882310017329,Navbharat Gold,These ads ran without a disclaimer,≤100
102255422772071,Mahesh Jethmalani,Mahesh Jethmalani,≤100
162115051234970,Dharmendra Singh Lodhi mla,Dharmendra Singh Lodhi,≤100
106227365759622,,Goldy Tyagi,≤100
150727778825020,Mobius Foundation,Mobius Foundation,≤100
102890944795952,Vijay Kumar Yadav,Vijay Kumar Yadav,≤100
299258133540833,Jatayu Rama Temple,Jatayu Rama Temple,≤100
100196004828444,North Eastern Council,Sourabh Arvind Dubey,≤100
112202337794471,Global Middas Foundation - Charitable Organization,GLOBAL MIDDAS FOUNDATION,≤100
375141272567406,Ravindra Chavan,Ravindra Chavan,≤100
104071715577392,SK International Sainik School Retharedharan - Sangli,Sanket Vinodkumar Surana,≤100
994578073995343,B. L. Verma,Sourabh Arvind Dubey,≤100
713416382011902,Sahil Shivaji Kedari,Sahil Shivaji Kedari,≤100
157411781636662,Hoodi Vijaykumar,Sharva Creative Communications,≤100
1785302198354679,Dr. Somendra Tomar,Chirag Aggarwal,≤100
213839668641820,Dr. Anil Jain,Brand Recourse Technologies,≤100
105694514269834,North Eastern Region Community Resource Management Society,Shrinivas Ravichandran Nadar,≤100
1706371292942156,"Ministry of Development of North Eastern Region, Government of India","Ministry of Development of North Eastern Region, Government of India",≤100
138323482894268,Taruni,Taruni,≤100
1594765830853380,Khajan Dass,Neeraj Bharti,≤100
102336812784306,Navonmesh Foundation,Ganesh Kumar,≤100
241940555912671,Chandigarh University,Chandigarh University,≤100
100579492974806,गरीबों का मोदी,Abinash Moharana,≤100
350880081913337,Sahdev Salaria,Rajesh Jaswal,≤100
1932900346831325,Rajesh D Sanghvi,Rajesh Dineshchandra Sanghvi,≤100
518317854873012,SAKALA- Government of Karnataka,These ads ran without a disclaimer,≤100
2336650766455468,Tanaji Sawant - तानाजी सावंत,Prakash Netaji Dhumal,≤100
611229999287106,Hanuman Choudhary,Kapil Chaudhary,≤100
698096280212576,Bhatti Vikramarka Mallu,Bhatti Vikramarka Mallu,≤100
101676156079999,Prabhakar Patil,Prabhakar Sanjaykaka Patil,≤100
101328314869205,Atal Amrit Abhiyan Society,Atal Amrit Abhiyan Society,≤100
243289606585961,M Lakhsminarayana,These ads ran without a disclaimer,≤100
105999155405710,Pandit Avadh Sharma,Pawan Kumar Sharma,≤100
127932930638411,Adoor Prakash,Jiji T Jacob,≤100
204318116677554,National Herald,National Herald,≤100
111112337095269,Sivasaami Kandasamy,Sivasaamik,≤100
1718123505168458,K.K. Vishnoi,Engitech Media,≤100
110636614855079,Rajib Chowdhury,Rahul Chakraborty,≤100
328392384265218,Hasmukh Gehlot,Hasmukh Mohanlal Gehlot,≤100
1955301821451552,Abhishek Dutta,Abhishek Dutta,≤100
111560924353656,Swetha Reddy,Rajendra Reddy Bhuvanagiri,≤100
2214965178719430,"Dharmendra shukla""Gopal""",These ads ran without a disclaimer,≤100
394168494317389,MIT World Peace University,MIT World Peace University,≤100
184278081698180,Ashok Gehlot,Ashok Gehlot,≤100
103719915895025,Shri hari finance,Vikas Kumar,≤100
104633612411419,Dr Samir Kagalkar,Dr Samir Kagalkar,≤100
186199704897466,RD Foundation,RD Foundation,≤100
1919704441684688,Rakesh Sachan,Manvendra Sachan,≤100
110132160741768,Polstrat,Polstrat Communication,≤100
251467211588756,Kanaram Jat,Pankaj Sharma,≤100
103567102688791,,These ads ran without a disclaimer,≤100
268437163351102,Saurabh Srivastava,Saurabh Srivastava,≤100
1783001841927248,Nutan Odisha,Niti Pollsters Private Limited,≤100
1954072204870360,NEWJ,Anant Bhardwaj,≤100
114409461587282,House Of Jalsaa,Somil Agarwal,≤100
2266630096766875,FrameFox Media,Hitesh Kumar,≤100
100195048804779,KRJ Bharath,Gogireddy Sai Vaibhav Reddy,≤100
106802937934432,Padma venkat reddy,Banappagari Naren Sai Reddy,≤100
106732451990988,Ajay Nagariya,Ajay Nagariya,≤100
203795313615859,PDTV News,Sandeep Gowda Undrakonda,≤100
112200111797648,,Hrishekesh Vinayak Kulkarni,≤100
414822692663213,Anurag Vishwanath Sharma,Yogesh Raikwar,≤100
170190030303077,Santhosh Reddy,These ads ran without a disclaimer,≤100
104595735374833,रविंद्र चव्हाण - नेता जनसामान्यांचा,Bhajahari Pandit,≤100
585896181472058,Ratnadeep,These ads ran without a disclaimer,≤100
109340175425667,Manoj Mishra Fan Club,Abhijeet Shesh,≤100
1592265114364332,JP Yadav,Engitech Media,≤100
105940537995682,Deepesh Tandel,Bharatiya Janata Party,≤100
216506801885954,Pankaj Chaudhary,Yash Bagh,≤100
108861325372008,Bharat Bhagya Vidhata,BharatBhagyaVidhata,≤100
423874327718687,Vikas Bhagat Fans Page,Sandeep Mishra,≤100
1418900388350146,RAGHURAJ SINGH,Raghu Raj Singh,≤100
550287678727831,Bharath Reddy Ravula,Bharath Kumar Ravula,≤100
108497578583588,Janpeace Live,Trishanu Kaushik,≤100
380332062091845,Dr. Vijay Kumar Rai,Vijay Kumar Rai,≤100
553481855170586,Harvinder Kalyan,Harvinder Kalyan,≤100
103002922467649,reversethestripes,These ads ran without a disclaimer,≤100
102597425311635,Surya Pratap Singh,Surya Pratap Singh,≤100
106261054498841,Advocate Rajat Bhargava,Rajat Bhargava,≤100
1360805680600676,Sandeep Kshirsagar,Yogesh Padmakarrao Pawar,≤100
273332066175444,Abhinandan Educational and Welfare Society,Ashish  Chauhan,≤100
105724054119863,Er. Tejpal Yadav,These ads ran without a disclaimer,≤100
495371534202289,Avanthi Srinivasa Rao,Sunraise Websolutions Pvt Ltd,≤100
264390293982577,Punaram Seervi BJP,Punaram Seervi BJP,≤100
105255899171606,Malli Jagane Kavali,These ads ran without a disclaimer,≤100
104771888453680,Rahul Hanumantrao Bhosale,Rahul Hanumantrao Bhosale,≤100
910914412357489,Joraram Kumawat,Bharat P Talaisha,≤100
100423322637137,Kawasi lakhma,Dhaval Kumar Jain,≤100
1532704483670132,NORAT SINGH SODHA,Norat Singh,≤100
100589847991303,English NEWJ,Anant Bhardwaj,≤100
158304157570734,Mahindra Group,These ads ran without a disclaimer,≤100
107525265342194,,Radheshyamshukla BJP,≤100
103760525069043,Abir Pothi,These ads ran without a disclaimer,≤100
163117930522603,Kommune,Kommune,≤100
100847982317705,Women Listed,These ads ran without a disclaimer,≤100
180357752703054,Institute for Industrial Development,These ads ran without a disclaimer,≤100
100879585860722,Lifetree,getwell biocare,≤100
107470692236352,Saki Experience,These ads ran without a disclaimer,≤100
177969237139845,Lead India,Dinesh Babulal Lalwani,≤100
113607803769884,Nattasha Sharrma,Policy Briefcase,≤100
104309177982140,Mummaworld.com - Learning Dino,These ads ran without a disclaimer,≤100
100933249559621,,These ads ran without a disclaimer,≤100
758732480809533,Marri Adithya Reddy,Ramesh Tamannagari,≤100
1783001841927248,Nutan Odisha,Cloud & Loud Communications,≤100
102389739093399,mypstips,These ads ran without a disclaimer,≤100
102091768921733,Ashok dubey bjp,Prashant Mahton,≤100
1924627484438235,Arlak Ayurveda,Swati Dhiman,≤100
686849788021601,Salaam Baalak Trust,Dipesh Tiwari,≤100
108015368279979,Solh Wellness,Omlogic consulting pvt. ltd.,≤100
103706064687981,Er Hitesh Nagdev,Arjun Sharma,≤100
321228061382932,Pt. Shekhar Dixit,Websofy Software Private Limited,≤100
113073133805731,Desh Ki Baat Foundation,Krishna Kumar Yadav,≤100
667862236707254,Rohit Kumar Singh,Arshad Ansari,≤100
1487107401588940,Energy And Environment Foundation,These ads ran without a disclaimer,≤100
111323704777479,K18 Hair India,These ads ran without a disclaimer,≤100
114771448227141,Natraj Pen pencil packing Home job 30000 salary 15000 advance,These ads ran without a disclaimer,≤100
101964264562944,Sanjay Singh Gangwar,Sanjay Singh Gangwar,≤100
100711749611083,Bharat Kaushik,Bharat Bhushan,≤100
2078242259060363,Kukufm,Mohana Saha,≤100
475898282465005,Dr K Laxman,Vijay Kumar Tapadia,≤100
1638967673052084,Narendra Budania,Engitech Media,≤100
192845294660932,Rakesh Giri,Rakesh Giri,≤100
223954404698374,Rajesh Kumar Yadav,Ijesf Kumar,≤100
761826677309909,Bhupinder Lather,Book My Promo,≤100
110705500292841,Ramkishan Ojha,Nishant M Solanki,≤100
123900254903525,Rahul Singh Lodhi,Rahul Singh Lodhi,≤100
260777364447046,Pradhan Mantri Kaushal Kendra,Rajdeep Shivaji Patil,≤100
108377481778687,Dhritimala Deka,These ads ran without a disclaimer,≤100
112061804808512,Sports Development Authority of Bihar - SDAB,Ajit Kumar,≤100
113358511675853,Tarlochan Singh,Book My Promo,≤100
327435757385465,Jaisingh Agrawal,Jaisingh Agrawal,≤100
108159201571035,अरविन्द जायसवाल,Avadesh  Kumar,≤100
112382541719588,Kartavyapath,Kartavyapath,≤100
960727980622179,"The Indian Public School, Dehradun",Ajit Kumar,≤100
102643838573054,Badam Devi Verma,Bhagwan Sahai Shyoran,≤100
108500111075991,Mizoram Pradesh Congress Committee,Lallianchhunga,≤100
462378530999978,ಕನ್ನಡ NEWJ,Anant Bhardwaj,≤100
381937732180611,Vineet Joshi,Vineet Joshi,≤100
168545223213479,Omprakash Hudla,Pankaj Sharma,≤100
727427564040622,Ayush Choudhary,Ayush Choudhary,≤100
1336863726383886,Gopal Lal Sharma,Ganesh Thapa,≤100
1408837089361736,Banappagari Venkat reddy,Banappagari Naren Sai Reddy,≤100
107014703325591,Ranjeet Patel,Prashant Gupta,≤100
162341030447825,Whistling Woods International,Whistling Woods International,≤100
1612012092202484,Bharat patwari,Bharat patwari,≤100
1806741026226045,Ramawatar Bijarnia,Narendra Singh Pachar,≤100
1397767487148044,Jaidatta Kshirsagar,Jaydatta Sonajirao Kshirsagar,≤100
547446695324625,Vijay Laxmi Gautam,Madan Mohan Tiwari,≤100
1641548599496967,ಆಮ್ ಆದ್ಮಿ ಪಾರ್ಟಿ ಹಾವೇರಿ,FASCINATE WEB SOLUTION PRIVATE LIMITED,≤100
100948094985536,Humaid Shakeel,Sunil Kumar Prajapat,≤100
105835354383422,Udbhav Public Charitable Trust,Anil Kumar,≤100
537021156329658,Sukhbir Singh Jaunapuria,Pankaj Sharma,≤100
1335462983188401,Nabadal Banik,Nabadal Banik,≤100
109074230801626,Er Hansraj Baloti,Anshul Kumar Gupta,≤100
152154292012572,Navjivan,Navjivan,≤100
1501329706840513,Centre Point Hotel Pratunam,These ads ran without a disclaimer,≤100
650497235004069,Rakesh Jamwal,These ads ran without a disclaimer,≤100
103149591045251,Kush Puri,Kush Puri,≤100
140624336584770,Yogender Pal Singh Champawat,Akash Singh,≤100
2610079412396734,Amaresh Rai,Amaresh Kumar Rai,≤100
685707864866321,Lion Dr D.மோசஸ் ஜோஷ்வா,Mosses,≤100
643001122724792,Shambhu Kumar,Punit Kumar Pandav,≤100
924791427628665,Sunil Kelanka,Shivendra Shailendra Tiwari,≤100
607252739670252,Dr. Prannay G Sharma,Kumar Ratnam Sharma,≤100
269761569864265,Rao Padma,Kushal Reddy Rao,≤100
106949818442504,The Water Chronicles,Prithviraj Nath,≤100
1453734461523903,Siddharth Shirole,Siddharth Shirole,≤100
361031561139301,Rakesh Jangir,Saurabh Singh,≤100
747930775373319,Saral Patel,Saral Patel,≤100
100236283005200,Perika Suresh,Vijay Kumar Tapadia,≤100
1613686538669654,Ashok Singhal Foundation,Digital Xplode,≤100
197799933601096,Pujya Shashi Prabha Ji,Madan Mohan Tiwari,≤100
331544177050160,Adv. Rahul Subhash Kool,Rahul Subhash Kool,≤100
168340283369722,Vaddepally Rajeshwar Rao,Vaddepally Rajeshwar Rao,≤100
102838152104730,Bjp kisan Morcha punjab,Ashish Soni,≤100
105487441886705,anamkara_helps,These ads ran without a disclaimer,≤100
1736131863318762,Arvind Patil Nilangekar,DIwise,≤100
1692446997478851,Divy Trivedi,Vikas Acharya,≤100
660476430787331,Gaurav Pandhi,Gaurav Pandhi,≤100
103088902327676,Dwarka Kunj,Rahul Tiwari,≤100
105919999093332,Hindi18News/हिन्दी 18 न्यूज,Hindi18News/हिन्दी 18 न्यूज,≤100
446802242369953,Dr Shazad Ahmed Malik,Shahzad Ahmed,≤100
109551095231534,Prashant Parashar,Prashant Parashar,≤100
102123449068334,Er.Venu Gopal Sinha,Venu Gopal Sinha,≤100
1799519200160117,Jugaadkings.com,jugaadkings.com,≤100
299710600066855,ISKCON Annamrita,These ads ran without a disclaimer,≤100
101613628900010,Smartway Wellness Pvt. Ltd.,Bhoomi Harendra Mistry,≤100
110041447985374,Vivek jaiswal,Devendra Kumar,≤100
106246235616644,Narayan Meena,These ads ran without a disclaimer,≤100
224753514204375,Janaagraha,Janaagraha Centre for Citizenship and Democracy,≤100
114142491616490,Hanuman Sahay Gurjar,Indra Kumar Chopra,≤100
112132937023603,Nandlal Chauhan,Nandlal Chauhan,≤100
105352618893717,Shankar yadav,Shankar yadav,≤100
168340283369722,Vaddepally Rajeshwar Rao,These ads ran without a disclaimer,≤100
101375122225276,जनक आयुर्वेद,Manisha,≤100
250007248502240,Golu Shukla,Modi For PM Organization,≤100
101025692957618,,These ads ran without a disclaimer,≤100
107605562060427,वीरम सिंह जयसिंधर,Kalyan Singh,≤100
113736628186529,"भीती नाही कशाची, भाजपा तुमच्या पाठीशी",Mahesh Dattatray Bhendekar,≤100
110847490543428,Vipul Kumar Salwan,Vipul Kumar Salwan,≤100
269442696723658,Kuldeep kumar 'Deep kamboj Malukpura',Kuldeep Kumar,≤100
647353902009584,Dr. Nilam Yadav,Nilam Yadav,≤100
1802523420012948,Pratap Singh Khachariyawas,Anirudh Sharma,≤100
743938402322314,Mitendra Darshan Singh,Rahul Ranjan,≤100
1482256838693087,Amal Mahadik Kolhapur,AShwamedh Media,≤100
1614419772126502,Barkha Collection Tshirts,These ads ran without a disclaimer,≤100
109438978770985,,These ads ran without a disclaimer,≤100
100935642733964,Hindi Khabar Digital,The Narrative Builders,≤100
134411626629089,Utkarsh India Limited.,These ads ran without a disclaimer,≤100
151640195016242,Madhusudan Bhinda,Narendra Singh Pachar,≤100
100803809429337,Er. Zubair AHMAD,Zubair Ahmad,≤100
112242677898407,Sanyogita Singh,These ads ran without a disclaimer,≤100
101610392620043,ITS Speciality Dental Clinic,ITS Speciality Dental Clinic,≤100
102323545504609,Rama Devi Chopra,Rama Devi Chopra,≤100
1455588374684644,V Muraleedharan Fans,V Muraleedharan Fans,≤100
104765761522667,Pankaj Dawar,The Social Prachar,≤100
345702226193796,Premshankar Verma,Harsh Verma,≤100
1850064485271092,Vijay Kaushik,Kanav Kathuria,≤100
104521050914326,Baliram Siraskar,Baliram Siraskar,≤100
113240750508110,B N Ravikumar,B N Ravikumar,≤100
100473756790047,Dungar Ram Gedar,Dungar Ram Gedar,≤100
111654838334899,सीताराम पोखरियाल,Akash Singh,≤100
210251616112761,India Development Review,These ads ran without a disclaimer,≤100
182600871930746,Sujata Paul - India First,Sujata Paul,≤100
929086883906142,Usha Priyadarshi,Usha Priyadarshi,≤100
679159028834779,ममता मीना,Mamta Meena,≤100
175530499252014,Srishti Publishers & Distributors,These ads ran without a disclaimer,≤100
100452136229191,Shyam Sundar Verma - Chairman Khalilabad,Anant Digital Advertising Agency,≤100
294787978097959,Rakesh kumar Chattree,Arun Pratap Singh,≤100
349594075908636,Syed Salman Ali,Saiyad Salaman Ali,≤100
103858322283790,रविंद्र चव्हाण For BJP महाराष्ट्र,Bhajahari Pandit,≤100
106600387541566,Kamal Chib,Kamal Chib,≤100
1088373891289696,Kamal yadav,Akash Singh,≤100
359726167827402,Bhuneshwar Singh Baghel,Bhuneshwar Singh Baghel,≤100
113008991678689,TN Broadcast,TN Broadcast,≤100
111236028564233,aditisharmablog,These ads ran without a disclaimer,≤100
103251851710926,Akula Srivani,Anjan Kumar Akula,≤100
116814331355628,Rajni Kumari,Ashish Kishan Kumar,≤100
1088373891289696,Kamal yadav,Kamal Yadav,≤100
1701369040086950,ANIL JAIN MLA,Arjun Sharma,≤100
109396994667229,Vikrant Chandrahas Tawde,Vikrant Chandrahas Tawde,≤100
298838933917947,Yuvraj Prakash,Ashish Kishan Kumar,≤100
100931599132399,Arun Sharma,Arun Sharma,≤100
464077823932687,,Vinay Kumar Batham,≤100
145703105530196,Brahmachari Chaitanyanand Ji,Prashant Gupta,≤100
105420412281822,,Hemant Singh Bisht,≤100
126124960405162,,These ads ran without a disclaimer,≤100
100278856129103,Hima Sahu,Balram Singh,≤100
145554128849446,Chintala Ramachandra Reddy,Gogireddy Sai Vaibhav Reddy,≤100
280680806178561,Prem Singh - Nikash,These ads ran without a disclaimer,≤100
157300124326821,Arlak Biotech,Swati Dhiman,≤100
102829916073446,Vikas Bhagat,Sandeep Mishra,≤100
767805023307544,Santosh Kumar Singh BJP,Akash Singh,≤100
108115461913033,Shubham Mishra,Arun Pratap Singh,≤100
100764935994274,Mukesh Sharma,Rupali Sharma,≤100
521034828342719,Harshita Swami Baghel,Arshad Ansari,≤100
105866742441036,E Mudra Loan,Govind Panda,≤100
102102622351285,Raghuvir Singh Meena IPS,Akash Meena,≤100
143293189682786,Sapthagiri Shankarnaik - Nelamangala Assembly Constituency,Sapthagiri Shankarnaik - Nelamangala Assembly Constituency,≤100
2206070859406490,Ashok Chaudhary,Ashok Chaudhary,≤100
110592528322360,prasant_meera,These ads ran without a disclaimer,≤100
319499025265124,Rajendra Singh Bhinyad For Sheo MLA,Rajendra Singh Bhinyad For Sheo MLA,≤100
1436418516569943,Dr. Ashishrao R. Deshmukh,Swapnil Sudhakar Narad,≤100
255040845056495,Shikha Mishra,Arun Pratap Singh,≤100
100992536219420,Dr Chandrakant Anil Kranti,Akash Singh,≤100
426854497508656,Dr.Phoolchand Bhinda,Phool Chand Bhinda,≤100
112020705177722,,These ads ran without a disclaimer,≤100
100502312031923,Surendra Pathare,Maithili B Godbole,≤100
279484519067006,Anil Chopra,Ganesh Thapa,≤100
445527218918991,Satish Jaiswal,Akash Singh,≤100
2221499791511001,Amit Chachan,Bharat Bhusan Chachan,≤100
102744141863451,Deepak Dandoriya,Deepak Dandoriya,≤100
1700294676856819,Rahul Kothari,ANUBHAV JAIN1,≤100
106256564506749,Tarun Devi Das,Tarun,≤100
826947230992434,Freedom Firm,These ads ran without a disclaimer,≤100
854256021383031,Vinod Sevan Lal Chandrakar,Tukesh Kumar Ratre,≤100
101866162834201,amardeep,These ads ran without a disclaimer,≤100
111793478512947,,These ads ran without a disclaimer,≤100
358964791146343,TheMathCompany,TheMathCompany,≤100
103505695608114,Uday Nagaraju,Uday Nagaraju,≤100
106589030995220,Election Fight,Surbhi Kumari,≤100
784075998321022,Annu Pandit BJP,Annu Pandit BJP,≤100
110197854912974,Sonu Singh Garg,Pratik Garg,≤100
455447354644551,Sabir Ali,Sabir Ali,≤100
1194392907305611,Ram Niwass Yadav,E-WEB CULTURE,≤100
100681242815843,Abhijit Koli - अभिजीत कोळी,Abhijit Balaso Koli,≤100
119930971043537,,These ads ran without a disclaimer,≤100
638149850140319,Ritu Raj Pandey,Rituraj Navalkishore Pandey,≤100
678876002499539,Mohd Shamim Khan,Shamim Khan,≤100
2025252410936193,Shivaendra Pratap Singh,Shivendra Singh,≤100
106240464785356,Anna Rambabu,Vutla Vinod,≤100
1116604591824005,Sandeep Garg,Sandeep Garg,≤100
108156992053327,BYBIndia- India's Best Video Marketing Company,Sunita Singh,≤100
333426070147135,Benny Kuriakose Associates,Benny Kuriakose,≤100
113607111642214,Jayprakash Trivedi,Jayprakash Trivedi,≤100
109352055422391,Aditya Vikram Jaswal,Palaksys,≤100
100227781931198,sudip_k_maity,Sudip Kumar Maity,≤100
106592077772596,Sharma Nand Ram,Sharma Nand Ram,≤100
565714670143123,Ashok Saini,Engitech Media,≤100
201156146959026,Mohinder Bhagat,Mohinder Paul,≤100
385658441549334,Deepak Bhati Chotiwala,Dipak Bhati,≤100
825870624112435,Ramesh Chandra Ratn,Arun Sharma,≤100
1002191723202473,Suresh Sindal,Suresh Kumar Sindal,≤100
102370509068053,News Junction,Parveen,≤100
109546308136398,Sankar Dutta - শংকর দত্ত,Bholanath Dey,≤100
105054954431955,Om prakash saini amer,Om Prakash Saini,≤100
101719745754840,Business Guru Bharat,Akash Deep,≤100
1706371292942156,"Ministry of Development of North Eastern Region, Government of India",Arshad Ali,≤100
115787714760392,Jan Jagaran Yatra,Dharmendra Chhonkar,≤100
113221617135066,Prerna Kalra,Prerna Kalra,≤100
109916533853207,AMIT KUMAR SINGH,Akash Singh,≤100
103833782263290,Arvind Singh Bhati,Engitech Media,≤100
100417006046204,Nayan Kumar,Nayan Kumar,≤100
863961040416615,Punit Verma पूर्व उपाध्यक्ष विश्व हिन्दू परिषद् काशी प्रान्त,Punit Varma,≤100
448757799232867,Vikash Sirohi,Badri Narayan Jangid,≤100
168228334032318,Sat Sharma CA,Naveen Sharma,≤100
647918021924149,Ram Rajya Prashasan- राम राज्य प्रशासन,Amit Kumar Pathak,≤100
143265376532822,Ground Report,Pallav Jain,≤100
854749571366180,Silpa Ravi Reddy,Ravi Chandra Kishore Reddy Singareddy,≤100
109253634221142,Dr Abhishek Kumar Ramadhin,Abhishek Kumar Ramadhin,≤100
170601163587226,Mahendra Degra,Rahul Kumar Kirodiwal,≤100
1856387094424590,Muthumula AshokReddy,Social Grow Company,≤100
101031682657397,Koppula Mahesh Reddy,K Mahesh Reddy,≤100
1882282868540655,K.S. Chauhan,Simer Simer Deep Singh,≤100
988113031199582,Dr. Ramesh Chand Tomar,Ashutosh Mishra,≤100
263613904560987,Parveen Narang,Aftab Khan,≤100
102983308949343,Binod jaiswal,Vibhav Pandey,≤100
120343974340566,,Steephan,≤100
519794194845378,Omron Healthcare,These ads ran without a disclaimer,≤100
532582040125177,Polkhol Maharashtra - Kantikumar Jain,Kantikumar Harakchandji Jain,≤100
802311956513987,Rahul Singh,Rahul Singh,≤100
396463684278799,Chanchlesh Vyas,Chanchlesh Vyas,≤100
1918193518268417,Carbon Challenge with Monika Surana,These ads ran without a disclaimer,≤100
184848438961199,Surya Singh,Surya Singh,≤100
492395221235965,Sanjeev Mudiraj,These ads ran without a disclaimer,≤100
108442507423476,Navi Mumbai Network,Prashant Prakashrao Bhosale,≤100
109192210997511,Shakti Foundation,Thakur Shyamsinh Jiyalal Gadrel,≤100
1001966503224008,Happy Faces Vadodara,Happy Faces Vadodara,≤100
109815321298064,Supriya Khemka,Shubham Singhal,≤100
892715324214105,Nitendra Singh Rathore,Rituraj Tomar,≤100
429682080539661,Devender Singh Rathore,Abhay Singh Rao,≤100
533269740489273,Shivbhagwan Naga,Shivbhagwan Naga,≤100
293652238122980,Pandit Haricharan Tiwari BJP,cyber law advisor,≤100
289085061102499,Sukhwinder Singh Bindra,Sukhwinder Pal Singh,≤100
196338294250820,Rohit Gangwal,Modi For PM Organisation,≤100
105480982385552,Sujal Singh,These ads ran without a disclaimer,≤100
111627301005753,Abhinay Rai,Akash Singh,≤100
1582832635365396,Umed Singh Dhull Sher Jaat,Ganesh Kumar,≤100
647244058952240,Jaypal Singh Chawda,Jaypal Singh Chawda,≤100
471736003345896,Jai Karan Patel जय करन पटेल,Sandeep Patel,≤100
756051184414551,Thapar Institute of Engineering & Technology,Thapar Institute of Engineering & Technology,≤100
325602694251353,Rajeev Rai,Rajeev Kumar Rai,≤100
219588748935061,Sandeep Pandey,sandesh foundation,≤100
384574805474754,Happiness India,Krishan Kumar Saini,≤100
111259978264483,Aastha Agnihotri,Manoj Kumar,≤100
704847062939121,Ranbir Nandan,Ranbir Nandan,≤100
105515161411695,Pankaj Singla,Anil Kumar,≤100
172182742974160,Chunni Lal Sahu,Chunni Lal Sahu,≤100
353965041350746,Gold Life School,These ads ran without a disclaimer,≤100
1802087953245529,Pavan Singh Rajput,Prakhar Kashyap Singh,≤100
106793072059605,Police Chandra Shekhar Reddy - Makthal Constituency,Morthala Rajesh,≤100
106713818593622,Utkarsh Awasthi,Binay Kumar Singh,≤100
123223604008099,,These ads ran without a disclaimer,≤100
118066081232338,old coin buyer and old note buyer call me 7846948217,These ads ran without a disclaimer,≤100
102632214510525,Kaneez Fatima,Mohammad Umar Farooq,≤100
140064983547766,Village Express TV,Arvind Kumar,≤100
1153289828179398,Dimpal jain,Dimpal Jain,≤100
2238647176463048,Dr.Vijender Singh,Anshul Kumar Gupta,≤100
100502312031923,Surendra Pathare,These ads ran without a disclaimer,≤100
224787738121110,Manan Dani,Mananbhai Jatinkumar Dani,≤100
1213611285396775,Nitin Bhansali,Vaibhav Suryawanshi,≤100
357016611315216,महापौर विभा कुमारी पूर्णिया,Bibha Kumari,≤100
282167225613953,Sharad Jain,Sharad Jain,≤100
138927162813391,Dailyhunt,Verse Innovation Pvt. Ltd.,≤100
739221966159227,Rajesh Singh,Adv Tech,≤100
396773987146824,NEC Corporation India Pvt. Ltd.,These ads ran without a disclaimer,≤100
103817825962162,,These ads ran without a disclaimer,≤100
100983899437779,sanatandharmasarvochasena,These ads ran without a disclaimer,≤100
214600036600724,quimcy_aficionado_1904,These ads ran without a disclaimer,≤100
724699124349687,Ashish Bhatt,These ads ran without a disclaimer,≤100
2110054282643467,Virender Singh Kadian,Nitish Kashyap,≤100
111698080737137,समाजवादी रजनीश यादव,These ads ran without a disclaimer,≤100
367203836657399,Rajendra Singh Surpura,Ganesh Thapa,≤100
643216342792266,দেবাশিস পণ্ডা ভারতীয় Debasis Panda Bhartiya West Bengal,Debasis Panda,≤100
104122195260035,Bharti Tarun Kaushik Bhaiya Ji,Tarun Kumar Kaushik,≤100
100527402565475,Sachhiin Naik - सचिन नाईक,Lohar Vaibhav Ramesh,≤100
108828628393591,Lakshay Chauhan,Akash Singh,≤100
110041803678379,Kabir Shankar Bose,Kabir Shankar Bose,≤100
1606359086069885,Alltech Industries India Pvt Ltd,These ads ran without a disclaimer,≤100
678803825664159,Kanta Sonwal,Prakash Jaiswal,≤100
159837254713549,PsiBorg,These ads ran without a disclaimer,≤100
777961255649534,Dheeraj kagithala,These ads ran without a disclaimer,≤100
108939271272352,"Hindu Ankit Bhatnagar  प्रदेश अध्यक्ष,अखिल भारत हिंदू महासभा",Ankit Bhatnagar,≤100
107792554485544,Dr. Amit Singh Chauhan,VC infotech,≤100
2300402240284352,Sadhvi Prachi,Amar Khandelwal,≤100
472710243069033,Dr Lata Chandra- agarwal,These ads ran without a disclaimer,≤100
1852279678326666,Laxman Meena,Laxman Meena,≤100
132806813793938,Paramjit Singh Sarna,Harjap Singh Dhingra,≤100
101485568311565,Harish Lakhma Kawasi,Dhaval Kumar Jain,≤100
107904105470394,Ankit Yadav,Ankit Yadav,≤100
105444952474086,drmahendra.psychiatrist,These ads ran without a disclaimer,≤100
391737747598762,Raja Pathak - B.J.P,Akash Singh,≤100
256786777695561,Anil Deshmukh,Vaibhav Gajendra Tumane,≤100
215645112255875,Anupam Bajpai राष्ट्रीय अध्यक्ष-नव हिंदू सभा,These ads ran without a disclaimer,≤100
104404129151227,Bir Singh Tanwar,These ads ran without a disclaimer,≤100
427521707672968,Gyana Ram Ranwa Chandpura,Shiv Charan,≤100
1619123825036772,Virendra Shukla,Manish Kumar Jha,≤100
871859353163525,छिगन लाल यादव,These ads ran without a disclaimer,≤100
101934341160333,प्रमोद नाना भानगिरे - Pramod Nana Bhangire,Clearby Services,≤100
589628137780500,Mirchi News,Mirchi News,≤100
361031561139301,Rakesh Jangir,Rajesh Kumar,≤100
1696518780601167,Mahendra Chandwa,Mahendra Chandwa,≤100
105123064268585,Suman Chhajer BJP,Suman Chhajer BJP,≤100
115690524741129,Rajdhani TV,Rajdhani TV,≤100
106464051176956,"Mohammed Shakeel Advocate, Legal cell TPCC",These ads ran without a disclaimer,≤100
1651727365046605,Pukh Raj Parashar,Pukh Raj Parashar,≤100
104275598382358,Khabar Abhi Abhi,Charan Singh,≤100
103963455702720,,These ads ran without a disclaimer,≤100
124723297220908,,These ads ran without a disclaimer,≤100
408032679785089,Ravinder Dabas Rocky,Ravinder Kumar,≤100
110567500793008,Dr Danny Manglani Cardiologist,These ads ran without a disclaimer,≤100
218937918273828,Kavita Patidar,Kavita Patidar,≤100
419244474862865,"AGC Amritsar, Punjab",These ads ran without a disclaimer,≤100
116997354325105,Wg Cdr Anuma Acharya,Wg Cdr Anuma Acharya,≤100
104897349002403,कान्हा जी,These ads ran without a disclaimer,≤100
410134216379605,Dr. Omprakash Shete,Dr. Omprakash Shete,≤100
177924969696841,Rajendra Tiwari,Shivam Dubey,≤100
102661499239482,Dattatraya Jeughale,Dattatraya Devrao Jeughale,≤100
423924598022376,Shankar Lalwani,Mayur Sethi,≤100
1102369233109531,Pooja Bharti Chhabra,Suraj Bharti Chhabra,≤100
108339438818550,बारां पशु पक्षी अस्पताल,Rupali Sharma,≤100
100183672985561,CSP ID Provider,Satyam Kumar Sahni,≤100
377919902748897,Boehringer Ingelheim India,These ads ran without a disclaimer,≤100
806181806121459,Harshvardhan NandKumar Singh Chouhan,Ishan Mishra,≤100
107605957856546,Narendra Yadav,Narendra Yadav,≤100
102447714973094,Yusuf Salahuddin,Yusuf Salahuddin,≤100
451346995603843,Jai Singh Kushwah,These ads ran without a disclaimer,≤100
111652400511454,Mukesh Jaiswal Bhartiya,These ads ran without a disclaimer,≤100
102010991748513,Ashish Patel,Ashish Natwarlal Patel,≤100
114609593652124,Uma Khapre - उमा खापरे,Naveen Singhal,≤100
912964308811725,Virender Singh Bisht,Balveer Singh Yadav,≤100
558095644313561,Manish Rawat,These ads ran without a disclaimer,≤100
833013117032671,Bhuwan Joshi,Bhuwan Joshi,≤100
306690943309781,Rajendra Rathore,Rajendra Kumar Rathore,≤100
103042339335028,dofbyanjali,These ads ran without a disclaimer,≤100
112709838355954,Prachar99,Prachar99,≤100
105898835795782,,These ads ran without a disclaimer,≤100
183176388540530,Manish Yadav,Manish Yadav,≤100
139660933424317,Sarvesh Patidar,Sarvesh Patidar,≤100
101460125428339,World Council for Women Rights - WCWR,Ramanadar Selvaganesan,≤100
579724758737630,Gagan Kamboj,Raj Kumar,≤100
124939914843922,Om Bishnoi,Om Bishnoi,≤100
415332588877399,Banda Karthika Reddy,Chandra Reddy Banda,≤100
102956292685934,Hanuman Dudi,These ads ran without a disclaimer,≤100
107973687363774,अमित चौहान प्रधान भरतपुर,Sumit Chauhan,≤100
108168538777535,Mudra Loan Online,These ads ran without a disclaimer,≤100
104860424918954,दिल है हिन्दुस्तानी,Abhijit Kumar,≤100
113519568270032,Anand Prakash miri,Kavita Kumari,≤100
100544056338598,,Suman Media Broadcasting Pvt. Ltd.,≤100
112155108349579,Siva Addepalli,These ads ran without a disclaimer,≤100
315129601910932,NavaBharat,These ads ran without a disclaimer,≤100
981146398754617,Chingari,Sumit Ghosh,≤100
1014089075388866,Arvind Pandey,Pradeep Anand,≤100
725961651119934,Vivek Singh Kalhans,Vivek Kumar Singh,≤100
107427451744068,Amit Jain,Bharat Kushwah,≤100
102931255932211,Ncmart Pvt Ltd.,Akash Singh,≤100
171538063001636,Global Punjab TV,Navdeep Singh,≤100
107473064161103,माता-पिता से निवेदन,Ranjna Jhalani,≤100
1108242266050014,Mohan Lal,Kanav Kathuria,≤100
362309980970515,Afsaana-Poets Column,Anmolika Watal,≤100
155099435177655,Kirti Vardhan Singh,These ads ran without a disclaimer,≤100
105329731786664,Jitendra Lodia,Anju,≤100
103544656778013,Dr Akhilesh Prasad Singh,Akhiles Prasad Singh,≤100
103785075551716,a.alkatheeri9,These ads ran without a disclaimer,≤100
102250202270791,Karni Singh Ladnun,Karni Singh Rathore,≤100
703726259672921,BJP Telangana,Bharatiya Janata Party (BJP),≤100
102060599487822,Roof Chemist,These ads ran without a disclaimer,≤100
104238255396814,Rupinder Kaur Sandhu,MS Web Development Solutions,≤100
105264745855741,,These ads ran without a disclaimer,≤100
1951328541570577,Zaryab Khan,These ads ran without a disclaimer,≤100
102689279361873,अन्नू गुप्ता आशीष गुप्ता,These ads ran without a disclaimer,≤100
666124073514146,Anil Yadav,Anil Yadav,≤100
502343073431636,Imran gandhi  kichhauchhavi,Prakhar Kashyap Singh,≤100
1659432747661383,Purnanshu Ojha,Ankaj Tiwari,≤100
437828706311870,Shyam Singh Rajawat,Balram Singh,≤100
1819997541592243,Imran Qureshi,Imran Qureshi,≤100
106647882245497,Saurabh Singh,These ads ran without a disclaimer,≤100
100638506154612,Khas Mudde India is great,Khas Mudde India is great,≤100
105040639000304,Political Junction India,Sunita Singh,≤100
373869479842506,Kuldeep Singh Rathore,These ads ran without a disclaimer,≤100
100499412892393,Dr.Ramesh Babu VM,Venkataswamy Sunil,≤100
1757441471197224,Hardik Patel,Hardik Patel,≤100
350267632483847,Sanjay Sharma Mama,These ads ran without a disclaimer,≤100
100951662795304,"Learn, Grow, and Business",These ads ran without a disclaimer,≤100
110911251172330,कल्लू मिश्रा,These ads ran without a disclaimer,≤100
107669472248706,Separate Way,Separate Way,≤100
624122961126616,Dhanwati Chandela,Luxmi Devi,≤100
105395062430736,Dr. Purohit's Health Care,These ads ran without a disclaimer,≤100
106582082351546,Team VSR,Byrappa Venugopala,≤100
102293796146152,Global Work Consultancy,Sehrab Manzoor Peer,≤100
577204189638568,Amit Chaudhary,These ads ran without a disclaimer,≤100
1490917271163033,Dhakad Mona Sustani,Jai Vardhan Singh,≤100
981603711956127,Abdul Hafiz Malik,brandprogrammer,≤100
112521665121391,Best Choice Ads,Achi Ramasamy Ramakrishnan,≤100
100154275745421,Ashish Upadhyay,These ads ran without a disclaimer,≤100
371431979647138,Rajesh Tantri,Rajesh Tantri,≤100
112579678394646,Harsh Jain,These ads ran without a disclaimer,≤100
262852581252318,राष्ट्रीय परशुराम परिषद,राष्ट्रीय परशुराम परिषद,≤100
109046131993635,I Love MY INDIA,These ads ran without a disclaimer,≤100
101660088022406,Pratah Time,Pratah Time,≤100
101800572251278,P.T.N ਖ਼ਬਰ - Punjabi Tak News,Gurjeet Singh,≤100
1537168819849714,Rajesh Sambhaji Pawar,Ajay Arjun Daund,≤100
114971541511595,Online loan,These ads ran without a disclaimer,≤100
693448470757432,Rameshwar Sharma रामेश्वर शर्मा,These ads ran without a disclaimer,≤100
108871972154634,drkrish007,These ads ran without a disclaimer,≤100
113632309997513,Dr. Shikha Meel Barala Chomu,These ads ran without a disclaimer,≤100
127395220282635,,These ads ran without a disclaimer,≤100
118984253167180,Human touch,These ads ran without a disclaimer,≤100
100955988374188,Shyambali Yadav,Prakhar Kashyap Singh,≤100
108692921616537,Umesh agrahari,V Media Creative,≤100
105813284380310,Dee4unews,Deepak Kumar Bhandari,≤100
630955390420927,Amitabh Bajpai,Hari Om Tripathi,≤100
103425709379743,,These ads ran without a disclaimer,≤100
100955801920583,Meenakshi Chandela,Luxmi Devi,≤100
201590887059265,Durgacharan Mishra,These ads ran without a disclaimer,≤100
135947097097073,Jaspreet Singh Dahiya,Jaspreet Singh Dahiya,≤100
112061804808512,Sports Development Authority of Bihar - SDAB,These ads ran without a disclaimer,≤100
622412417896753,Shiromani Akali Dal Delhi,Harjap Singh Dhingra,≤100
100902136223042,Kakasaheb Kulkarni - काकासाहेब कुलकर्णी,Milind Madivalappa Shingshetti,≤100
179196332989715,Jathedar bhai Dhian singh Mand,These ads ran without a disclaimer,≤100
1401117106783618,Bjp Chhattisgarh,Bharatiya Janata Party,≤100
1935128343433294,"Sri Shyam Sundar Singh ""Dhiraj""",Shyamsunder Singh Dheeraj,≤100
105509495777453,సాలు దొర సెలవు దొర,selavudora.com,≤100
1776402092470838,Manisha Panwar,These ads ran without a disclaimer,≤100
115370148156427,,These ads ran without a disclaimer,≤100
108260642180336,Goverment loan agency,These ads ran without a disclaimer,≤100
1954072204870360,NEWJ,These ads ran without a disclaimer,≤100
106797518975875,P.Soundararajan,Soundararajan Balakumaran,≤100
1822196704770409,Priya Chandela,Luxmi Devi,≤100
2213485822259579,Deepu Anchal,Deepu Vijayan,≤100
516576275094648,BJP Assam Pradesh,Bharatiya Janata Party (BJP),≤100
637396573005494,Keraleeyam,These ads ran without a disclaimer,≤100
105130545868354,,Harshit Solanki,≤100
573222079441957,Manimaran Thendral,These ads ran without a disclaimer,≤100
472844082918408,Atik Kapadia,Krunal Ravindra Dalvi,≤100
170545646969026,Khilendra Chaudhary,Shivam Choudhary,≤100
103470908750100,नागेंद्र सिंह राठी मीडिया प्रभारी सरधना एवं विधानसभा मीडिया प्रमुख सरधना,These ads ran without a disclaimer,≤100
110309505323887,Prakashsharmabjp,These ads ran without a disclaimer,≤100
1518216038506999,CRI - Rádio Internacional da China,These ads ran without a disclaimer,≤100
114247604036354,Инфограф,These ads ran without a disclaimer,≤100
723826694319605,MITx Courses,These ads ran without a disclaimer,≤100
101457006026915,omkaar8,These ads ran without a disclaimer,≤100
101335125357095,Czapp,These ads ran without a disclaimer,≤100
112675286764083,Aggregates Business,These ads ran without a disclaimer,≤100
526079487415848,XCMG Group,These ads ran without a disclaimer,≤100
593734920739968,The New Stack,These ads ran without a disclaimer,≤100
435202666645563,PDP Kunnathoor Niyojakamandalam,These ads ran without a disclaimer,≤100